Date,SPX,GOLD,BTC
2022-02-11,1.5253484891522804,1.9073302007398871,1.6872285378587006
2022-02-14,1.5319312298578787,1.8823587564360842,1.6917478452290882
2022-02-15,1.5307970098323012,1.8599194774354468,1.6541649392461737
2022-02-16,1.5634622168624595,1.806449421865805,1.6375081622510537
2022-02-17,1.5933757141254508,1.8292766505119011,1.5962981922428954
2022-02-18,1.6436147207923484,1.8544923133095825,1.5947441003041751
2022-02-21,1.6830892613219648,1.8567389295380075,1.5764582098998032
2022-02-22,1.7305146405159881,1.8501568982274814,1.604843106731654
2022-02-23,1.7854197174554178,1.829890462322199,1.6277417095182987
2022-02-24,1.8581203026576318,1.7956821477469675,1.6495770332258224
2022-02-25,1.9416778541209387,1.7698797735014529,1.6602987892439671
2022-02-28,1.9798446988431508,1.7487494970979758,1.665834865110168
2022-03-01,1.9771387617205112,1.6744788389722505,1.6788728093396175
2022-03-02,1.9492101938806976,1.6875614614712322,1.6650882810091259
2022-03-03,1.9144168444189504,1.6780628030954692,1.6219390059220449
2022-03-04,1.8970107668016651,1.6361596994565062,1.6266683749945954
2022-03-07,1.8722578002087054,1.6134566345674424,1.6531073378112262
2022-03-08,1.8928376334846952,1.5865647604068527,1.6758943944869371
2022-03-09,1.8878635780957131,1.5626181082028836,1.697958718982529
2022-03-10,1.9029078370980435,1.622209199372062,1.7416338233710225
2022-03-11,1.8803913168918422,1.6394263110752039,1.7865530958487157
2022-03-14,1.8855728701487569,1.665172816414213,1.8183531765165724
2022-03-15,1.8878930490950796,1.671401693103055,1.8372874571592803
2022-03-16,1.9063382637866624,1.6984441067602098,1.8812693517044636
2022-03-17,1.928119626025132,1.7203811247070067,1.8855473714013202
2022-03-18,1.9592472671230177,1.7460828462232043,1.8770653199889826
2022-03-21,1.9815955997105457,1.7417297506846192,1.9299922495195574
2022-03-22,2.0156818931070544,1.7301785296578738,1.9852252985927952
2022-03-23,2.0843672400782913,1.7265853406108245,2.0386877010587616
2022-03-24,2.136831594909903,1.7231915671013875,2.0951628756996463
2022-03-25,2.1292374595588206,1.7236718050078466,2.1428624297856853
2022-03-28,2.06175556223413,1.7070798746850129,2.1083985706666595
2022-03-29,2.0677084906874064,1.7094518963900656,2.081008956337649
2022-03-30,2.0360412015356237,1.7098663744624778,2.0157047240526786
2022-03-31,1.9819695901323777,1.7317567318942344,2.016832506566249
2022-04-01,1.9241228851623844,1.7416178231252895,1.9927644002557676
2022-04-04,1.8549667225754878,1.7713735717701145,2.0040764186082107
2022-04-05,1.7893217760897309,1.793134651557774,1.9578257737069455
2022-04-06,1.7255887740446239,1.825113631624267,1.9411002042705972
2022-04-07,1.6491379777963204,1.8330991261840508,1.8826066358972846
2022-04-08,1.6267489644678421,1.8915255364357855,1.7676559236636582
2022-04-11,1.5970183625166487,1.9332586174157278,1.7464497268510821
2022-04-12,1.5608832591742736,1.9381027799895223,1.7406054841297163
2022-04-13,1.5505083155550838,1.9497315648826923,1.7129228599509956
2022-04-14,1.5383849221165513,1.9461194668143054,1.6594148327381355
2022-04-15,1.5222836892615081,1.9550499824432317,1.6417739251998145
2022-04-18,1.5372396742407288,2.003178924850383,1.6174025747794467
2022-04-19,1.5645790560033686,2.126354547591806,1.58158706329756
2022-04-20,1.6041011774836527,2.2080612511837323,1.5280079813782244
2022-04-21,1.6367771466501106,2.254245390944022,1.5253397768101975
2022-04-22,1.7024556434849119,2.2380055133291408,1.531376938217267
2022-04-25,1.7620931681627285,2.1733485398119106,1.5293387945319008
2022-04-26,1.7915180630292373,2.1212973865892955,1.5256567773321055
2022-04-27,1.842882055488049,2.068377262572798,1.5502369756724301
2022-04-28,1.851406523546991,2.036608191787182,1.5662316801030163
2022-04-29,1.8889887230799063,1.9878593712387345,1.5733536051219885
2022-05-02,1.9334449393311113,1.9575016157222647,1.590831386633262
2022-05-03,1.9156461967946865,1.9356205095294332,1.5891813925224985
2022-05-04,1.8916566882745323,1.8851022848192718,1.5820983464084077
2022-05-05,1.8684783956937814,1.8776934782502694,1.5837592505095404
2022-05-06,1.8632986648582373,1.8256273713943139,1.584420759502115
2022-05-09,1.8356678031379983,1.7527855123604505,1.6339014123754787
2022-05-10,1.8594478538663368,1.7163441645116104,1.7675844143233834
2022-05-11,1.8411851034812308,1.6746314713717656,1.8614992482551336
2022-05-12,1.839442177282039,1.6143468067229916,1.9686079749519545
2022-05-13,1.8114238053831428,1.6153097237564422,2.0453632660971848
2022-05-16,1.8222846044191938,1.596468828294739,2.1207310099142824
2022-05-17,1.801107736804986,1.5980407201932572,2.123816978305591
2022-05-18,1.7878100055235033,1.5745135900855853,2.085410649406126
2022-05-19,1.7753726859860637,1.556573638985397,1.995349078726151
2022-05-20,1.7426555844270948,1.5407029067804536,1.889953979329671
2022-05-23,1.7264162572070925,1.4949294434273712,1.7588586877312067
2022-05-24,1.7148652652057585,1.5134001963899992,1.6542294553177792
2022-05-25,1.7249808896215908,1.5427279407605965,1.5736414051671972
2022-05-26,1.7214542347957908,1.585285168287153,1.4831725942241367
2022-05-27,1.7502428062112072,1.5834470247782486,1.432575071454968
2022-05-30,1.7687744903208966,1.596268140499991,1.3885940048356928
2022-05-31,1.813100548603602,1.6141245705528147,1.40312407003598
2022-06-01,1.8132860688195733,1.635792336442992,1.379693634073215
2022-06-02,1.8097719785696071,1.6434825260200097,1.4048328312194738
2022-06-03,1.8154906483210607,1.6363282363893439,1.407697558295587
2022-06-06,1.8370864086306966,1.6595524368876349,1.4263714173853317
2022-06-07,1.8423265724227695,1.6690590097985023,1.4612637602741114
2022-06-08,1.8604244829049157,1.6910188518669966,1.5235115808877253
2022-06-09,1.8823050776723318,1.6918392721573885,1.6082863405054169
2022-06-10,1.8995238039849582,1.7012126903206375,1.7045895736253902
2022-06-13,1.9269657422496913,1.7431913348719779,1.8134202150867063
2022-06-14,1.9585698304731025,1.840573400371649,1.9668696137291628
2022-06-15,1.9805770300694006,1.9013524980824144,2.122862092081037
2022-06-16,1.9962973253928706,1.9805900812744526,2.26927718020714
2022-06-17,1.995251194799511,2.0563316826580977,2.398653070772766
2022-06-20,1.956577926760047,2.1020132111694707,2.362655950160769
2022-06-21,1.9098258355668698,2.107140020728671,2.3373101968098045
2022-06-22,1.8649984860095712,2.0501740382694345,2.2661388812027576
2022-06-23,1.8020851659509318,2.062675822855573,2.1740757430293116
2022-06-24,1.7425278670825228,2.113082007033345,2.064016176827422
2022-06-27,1.6832652929968326,2.147333730697085,1.886927680414849
2022-06-28,1.5820989678086461,2.1377417403997563,1.7429618085990553
2022-06-29,1.5693434206810948,2.134611074214205,1.6312005866746673
2022-06-30,1.5433325534480846,2.1102248686517173,1.5166173422184455
2022-07-01,1.5181099913768614,2.0848507447541333,1.4473856043203364
2022-07-04,1.4916735514570487,2.053589911837886,1.3885983535039825
2022-07-05,1.4606299127982436,2.0431862157248246,1.3570946773552912
2022-07-06,1.4140644082509048,2.0502525593574727,1.3160138406362316
2022-07-07,1.3698564798664448,2.0677830284241283,1.285088523979351
2022-07-08,1.3868391681566898,2.0581365179070206,1.235874935155126
2022-07-11,1.406886870301054,2.0769728753808883,1.2484610980369584
2022-07-12,1.4489405995981741,2.089275235691788,1.2802148640671003
2022-07-13,1.4938791408035965,2.0885919933717445,1.328484530847779
2022-07-14,1.5567389668943945,2.056609380355658,1.4078554951139297
2022-07-15,1.6323107889961659,2.007215203291806,1.463992845129956
2022-07-18,1.7281583838918977,1.8986042952584294,1.5831313543567997
2022-07-19,1.8239844962777982,1.8107874211539334,1.7278470661373981
2022-07-20,1.91836634489271,1.7087252863966371,1.8861464571912019
2022-07-21,1.9587240555426457,1.6126142094521256,2.0455848688199314
2022-07-22,1.9570063245031273,1.502516875490471,2.1862951791405423
2022-07-25,2.0181451808146598,1.4219601543257845,2.2397872439647917
2022-07-26,2.0701477280351304,1.3624291600173617,2.2894246461080123
2022-07-27,2.059428320832879,1.2704524270745328,2.329202829237626
2022-07-28,2.1834098096931225,1.235581458943889,2.3203209842690913
2022-07-29,2.2760895283067573,1.2589526051117037,2.2757679672358893
2022-08-01,2.349120044060394,1.2781275652175406,2.1963807871016297
2022-08-02,2.3077195375298056,1.312523665011272,2.1159976022018063
2022-08-03,2.254958088162759,1.343273251709444,2.0306083949972926
2022-08-04,2.191848259220554,1.4071862702589102,1.995678236255262
2022-08-05,2.1100243743729887,1.4926117635288778,1.9684226911606006
2022-08-08,2.007210220630262,1.5646831900772769,1.9514749212184825
2022-08-09,1.917282559859234,1.6382825879240392,1.937436454747366
2022-08-10,1.8188071191342527,1.6836761794625545,1.910064240925069
2022-08-11,1.7331064814198929,1.7228505200581978,1.8879429703216637
2022-08-12,1.6789004659059004,1.740258374475372,1.8620667664556985
2022-08-15,1.6412794936643507,1.7175563328177081,1.8799305710008698
2022-08-16,1.6086404251623512,1.6838836592077202,1.8950060043004981
2022-08-17,1.573877179879155,1.6498886685679086,1.9184221540974258
2022-08-18,1.5645997843847939,1.6266749623855319,1.9416907457562314
2022-08-19,1.5317160482106844,1.5955474942671155,1.9102202912890303
2022-08-22,1.5329223988524228,1.563545998043193,2.004779264117786
2022-08-23,1.5541372534938027,1.5320277068161163,2.074806639688589
2022-08-24,1.5703335123916307,1.4888903329767413,2.1120042704321382
2022-08-25,1.5763139887327604,1.4841549323243337,2.144033340565741
2022-08-26,1.588256574481857,1.5040830770401719,2.1540388863168762
2022-08-29,1.6219181208748512,1.5476745849213995,2.1771287687344443
2022-08-30,1.6330181564264845,1.5721896676026592,2.136340779964396
2022-08-31,1.6663250121983295,1.6134922033868686,2.114350162539709
2022-09-01,1.677504153845333,1.6423365037814375,2.033446627977208
2022-09-02,1.7195032098805803,1.680043754255192,1.9235180938827814
2022-09-05,1.7453300750029268,1.7243380016427539,1.8822510719605772
2022-09-06,1.741078480637633,1.7487862869834876,1.7982069072795086
2022-09-07,1.7304726514306152,1.7455666466977697,1.7232288441667198
2022-09-08,1.7250500920617313,1.7415156554395983,1.6605556081244925
2022-09-09,1.6858254298009958,1.7149924188336612,1.5673834428977702
2022-09-12,1.665378279246846,1.6885351217296403,1.5624509214872955
2022-09-13,1.6322252232362997,1.6401770107923774,1.559150008963379
2022-09-14,1.652026234662226,1.5995369147480385,1.6041405109658466
2022-09-15,1.6349431422314145,1.584141786203503,1.5812725729898152
2022-09-16,1.6244500534544863,1.584259604807611,1.5891670261097637
2022-09-19,1.600490867357058,1.6119029708815147,1.5890782580860057
2022-09-20,1.560263056101969,1.655157636836878,1.5752768526414611
2022-09-21,1.5606809486094584,1.693685964389463,1.6128655597377193
2022-09-22,1.541409252973662,1.7138204615287707,1.6369737255620582
2022-09-23,1.5784512097184875,1.729141409662903,1.698548284333484
2022-09-26,1.6416721481957601,1.7671615170557156,1.7484730932180061
2022-09-27,1.7074838176367415,1.790703410562991,1.80258281300263
2022-09-28,1.7801131539378128,1.8057490487377508,1.8443698837626052
2022-09-29,1.849665247967814,1.8447803322013276,1.8635005228434967
2022-09-30,1.9168383621779208,1.8643201611355102,1.8595458422685498
2022-10-03,1.9701054689991016,1.8314695654687763,1.894497910997759
2022-10-04,2.0129226088787946,1.8506961253590055,1.9423964767755635
2022-10-05,2.001371284383695,1.8611694760249093,1.9863347206370727
2022-10-06,1.938893312401343,1.8520700418344715,2.0232342957719727
2022-10-07,1.840669501864756,1.818597213775057,2.0055406552122985
2022-10-10,1.7657803885777874,1.7633894086235584,1.9884018888718444
2022-10-11,1.7202941442650768,1.7520322338731116,2.0009104122797825
2022-10-12,1.6871472720597325,1.7405286693712703,1.9985804727113392
2022-10-13,1.6441429147218476,1.7288445735065727,2.001408163571171
2022-10-14,1.647092569045377,1.727158782749239,1.9950032115420906
2022-10-17,1.6481796267129876,1.7384666668829472,1.9592920755761558
2022-10-18,1.6369327288320101,1.7301616952609153,1.933894975626306
2022-10-19,1.6536575734500505,1.7443652616961627,1.9016326418274654
2022-10-20,1.685371382731357,1.7576775072814017,1.809444814381563
2022-10-21,1.7355105618420916,1.7753641395174358,1.8483207949089886
2022-10-24,1.7993302041717822,1.80425293453783,1.8853094750745572
2022-10-25,1.8761406481019332,1.81646557978964,1.9434698558893622
2022-10-26,1.941138877435374,1.8046529319750826,1.9881057565155238
2022-10-27,2.0222250267224497,1.7866095902260952,2.0174567397547825
2022-10-28,2.116605345420416,1.7702158024300083,2.0460858378951965
2022-10-31,2.244601683802681,1.760170518513658,2.027746598245916
2022-11-01,2.2708324121735077,1.7411859438224564,2.0498357376073155
2022-11-02,2.2201953288247007,1.7237487676909249,2.0803007318533253
2022-11-03,2.146010133685006,1.6781235271113033,2.073316704677814
2022-11-04,2.103436170193195,1.6922522889833138,2.0657537118398244
2022-11-07,2.052912771100516,1.7659098303429466,2.0646714288607253
2022-11-08,1.984356563399961,1.7829123265771438,2.0105501848111658
2022-11-09,1.927937755419641,1.8423493305014755,2.0107437173060236
2022-11-10,1.880024331289959,1.8546287527196392,2.0699641187636955
2022-11-11,1.8194160721768848,1.8717561095218664,2.09063745912496
2022-11-14,1.7771264722995561,1.9066695300747163,2.084223205095767
2022-11-15,1.8007978555069601,2.0118118302398202,2.1091911183637513
2022-11-16,1.8023133752644767,2.0936722172780184,2.101708753030153
2022-11-17,1.786162678407999,2.189702154861884,2.050739919313686
2022-11-18,1.787393137424654,2.2176964691486063,1.9626062280499819
2022-11-21,1.8085852294063012,2.144772655698172,1.8683378941445952
2022-11-22,1.8483854719547175,2.0579937412357032,1.7979455645198203
2022-11-23,1.8934864025741989,1.934989230120787,1.7229026440131552
2022-11-24,1.8816173528086555,1.7838512756123848,1.6716339092161647
2022-11-25,1.9111242777448643,1.6483414200232513,1.6160975890926659
2022-11-28,1.9322554654748687,1.5487734872411436,1.5559381936622698
2022-11-29,1.9229286766420788,1.457740719953175,1.5139245826004484
2022-11-30,1.8896401157944076,1.4063629569635778,1.488434954828105
2022-12-01,1.8512369931162842,1.33511409309012,1.4778753590114668
2022-12-02,1.7990358536264046,1.3672155078909318,1.454779100157077
2022-12-05,1.7560929566739583,1.3675477194811065,1.425271875868603
2022-12-06,1.7502210463052892,1.4097056559013972,1.4088954707193457
2022-12-07,1.7482744407074,1.4285779572189934,1.423706689050003
2022-12-08,1.7404519864676826,1.4577918498471296,1.4594123213902828
2022-12-09,1.7606588747655632,1.5216671995524615,1.522859693159351
2022-12-12,1.782977154486287,1.597446917337543,1.5916712071150212
2022-12-13,1.7840102085951142,1.6876504354689787,1.6631243869217622
2022-12-14,1.8326097901225755,1.7749887340918955,1.753378582539778
2022-12-15,1.8955410660553051,1.8347114616221518,1.8285237939378494
2022-12-16,1.9743483086333977,1.9196738394353936,1.9291121280986423
2022-12-19,2.0253823648045253,1.952231192164441,2.007890801718494
2022-12-20,2.0415703888874637,1.925821593765498,2.0350706727829873
2022-12-21,2.06405935894674,1.879474240418862,1.9822441956568502
2022-12-22,2.0721317042337897,1.814833670742723,1.9961760062479856
2022-12-23,2.071430095557251,1.833017527383613,1.9813662757859716
2022-12-26,2.0675433859228125,1.8488504085383894,1.936079379903214
2022-12-27,2.0236732587712574,1.8459108045206363,1.897482306795714
2022-12-28,1.9978521610607383,1.8394809409685091,1.8877830153696598
2022-12-29,1.9763408608153543,1.8371132058686035,1.8704961835891307
2022-12-30,1.9477424002473211,1.8555542664168079,1.8246214285948785
2023-01-02,1.897407456919922,1.882318311644629,1.8390167251528777
2023-01-03,1.8567919023422705,1.9076508132474015,1.8495529782976334
2023-01-04,1.8393553024275242,1.9477264201320335,1.8494787567659976
2023-01-05,1.8147927983462824,1.996742054589158,1.8531962872577978
2023-01-06,1.795998821304578,2.0468177709483184,1.8465911424775168
2023-01-09,1.7681726832919145,2.111764566662545,1.8636364092635458
2023-01-10,1.6943762072625927,2.1606893982687083,1.8428841697000338
2023-01-11,1.7193919554049706,2.2130757772162584,1.8355000069925764
2023-01-12,1.7448635815894844,2.166664412001101,1.8830971367571594
2023-01-13,1.7665817803965969,2.105691153933668,1.9636441397010913
2023-01-16,1.7989593102000578,2.0910694151766376,2.074100352469921
2023-01-17,1.8460622850621027,2.0586763799247634,2.1917158379158876
2023-01-18,1.8724845356660023,2.039793789932616,2.229849346126834
2023-01-19,1.9258198406203257,1.9613225766710987,2.2947682304139345
2023-01-20,1.935279727879039,1.880315647249228,2.302728630357633
2023-01-23,1.9932509559628946,1.7797454725561181,2.2817032997971696
2023-01-24,2.02611291978761,1.6970981262290956,2.2501916834108244
2023-01-25,1.9786292505138416,1.6014614708100001,2.1505951891328663
2023-01-26,1.903957951853515,1.549119003744725,1.9718931706223175
2023-01-27,1.8251818155295203,1.5039456758683882,1.7759333930594234
2023-01-30,1.7802915598573528,1.43946386917199,1.60878664982665
2023-01-31,1.7496608642403841,1.3984176675364801,1.4955261238423732
2023-02-01,1.7435932494338446,1.3412291681659232,1.4061871133989463
2023-02-02,1.7216347538578087,1.3205404780221321,1.3323576177423613
2023-02-03,1.7346060227165243,1.3300149230147202,1.2658087706987213
2023-02-06,1.7393541530818402,1.3804950904372224,1.199821156440396
2023-02-07,1.740849518730143,1.4156364813060638,1.17838784052043
2023-02-08,1.7760209577182682,1.4641773904950066,1.1696177304070723
2023-02-09,1.8007558000509458,1.516126443967386,1.1683704152840495
2023-02-10,1.8329821263126644,1.5807185706490066,1.196897327521587
2023-02-13,1.8689486427946043,1.622203772554428,1.2338175267971432
2023-02-14,1.8911083464557208,1.6721404558630188,1.2775826985527918
2023-02-15,1.8604807677320716,1.6816294252967643,1.330815848318746
2023-02-16,1.8065105252863778,1.7000912279158322,1.4312953131660424
2023-02-17,1.7863895377074976,1.7017425347774022,1.5222302088397879
2023-02-20,1.7571560745653168,1.6986180234811932,1.6273960230609184
2023-02-21,1.7271142293044093,1.6754783142984704,1.7036181305609168
2023-02-22,1.749611121180587,1.6227666667946095,1.7864757383161287
2023-02-23,1.7647892346170047,1.5502889710087895,1.828384738777583
2023-02-24,1.791494249161895,1.5077307993004645,1.8689475120340246
2023-02-27,1.8015307684859996,1.4595087349664209,1.9156193131222625
2023-02-28,1.8012308225104634,1.4365682658299248,1.9433295824096506
2023-03-01,1.8351810119126917,1.397705996801638,1.9839202214710585
2023-03-02,1.8718729851081655,1.3787813397571964,1.9760644533419893
2023-03-03,1.9173059482959,1.3836232511736968,1.9308702743041695
2023-03-06,1.952832049420035,1.39820048610052,1.8857485616704655
2023-03-07,1.9500686052529417,1.4169811443183387,1.8433501257211897
2023-03-08,1.9642175889423297,1.4752657421929734,1.816040199151278
2023-03-09,1.923500350164778,1.5212676848731246,1.7980957602215581
2023-03-10,1.8767610241274428,1.5872110636245607,1.8218155431213339
2023-03-13,1.8448863399454767,1.6731535827891886,1.8081765709958557
2023-03-14,1.7945994752922299,1.7825496544517148,1.8918354338164813
2023-03-15,1.7691107267376178,1.863389192439386,1.9352611263801487
2023-03-16,1.7673468072673064,1.9316352179805134,1.9682280742204068
2023-03-17,1.7789369861990216,1.981566864759791,1.949540043781498
2023-03-20,1.7763442697120493,2.072996198362715,1.9779367715224547
2023-03-21,1.7916459225159773,2.1276718487805226,1.952991382996612
2023-03-22,1.8117462941182265,2.1978682701727412,1.9257669705481664
2023-03-23,1.8261762209851309,2.203073791429041,1.9346321073589459
2023-03-24,1.818012303797289,2.181463853589913,1.945997772361633
2023-03-27,1.8662432417247095,2.099622115287044,1.9288124134475673
2023-03-28,1.901340419769537,2.0213832941369207,1.8533551576633378
2023-03-29,1.9332707035684717,1.9183479961637186,1.8043840745581519
2023-03-30,1.9795456803584608,1.8167279572225203,1.722779060078306
2023-03-31,1.9616207430922772,1.7296922207003584,1.6668522966618273
2023-04-03,1.9486588062716133,1.6534245688274223,1.611251721811797
2023-04-04,1.9499710142457054,1.6030613098025621,1.564446370191459
2023-04-05,1.9488790782486851,1.560617113855127,1.5213075892954815
2023-04-06,1.9418131751357963,1.5317708566614294,1.4777284410115472
2023-04-07,1.9485306992782954,1.5137186080998803,1.450218195265148
2023-04-10,1.9350317702015785,1.5118287061634106,1.4396566678291638
2023-04-11,1.9183545311024055,1.532280372701858,1.4545740820113913
2023-04-12,1.8521896071436015,1.5635126499000889,1.4636728140045767
2023-04-13,1.7894359981898278,1.5858231302551768,1.4657392115343917
2023-04-14,1.7815523258454342,1.6362394287808801,1.5095883577515683
2023-04-17,1.7290112863335705,1.6882591519477823,1.5561717641016894
2023-04-18,1.6874003006371725,1.7549017113771368,1.629893646480429
2023-04-19,1.593634820297677,1.8214793475044617,1.7017781858372956
2023-04-20,1.5394964839749634,1.867513101064651,1.820752561719745
2023-04-21,1.5321025383556448,1.9156281691992596,1.8792420196366038
2023-04-24,1.507092239330594,1.9517324107490153,1.9527314560478728
2023-04-25,1.4854885064064556,1.9695894806219694,1.9605200700553767
2023-04-26,1.4943113469851523,1.9552401363200376,1.9829648619756595
2023-04-27,1.4862604879216723,1.9387667284497028,1.933880410926793
2023-04-28,1.5528217779208975,1.9177323131445556,1.9067896443946861
2023-05-01,1.6115496957609605,1.8629596915868842,1.853417248406722
2023-05-02,1.623988069819352,1.8795376361012783,1.8157910627452067
2023-05-03,1.7211768798455633,1.903232600608145,1.805895093000646
2023-05-04,1.8109920484102215,1.9133810673880471,1.7546478669982846
2023-05-05,1.8967885642789193,1.9355026691085133,1.737049906885271
2023-05-08,2.001706830466088,2.030753761998463,1.733611988183544
2023-05-09,2.0497107727016117,2.086282086368774,1.7599278570017964
2023-05-10,2.091817778870893,2.1237635342358483,1.7717070535512285
2023-05-11,2.127556107923583,2.1368745921365737,1.8124924244739935
2023-05-12,2.119429890569208,2.1485239799377465,1.83027943226589
2023-05-15,2.107357142069442,2.0941228289504017,1.8715276216692605
2023-05-16,2.1125173480448125,2.0841871673758368,1.9045793401314273
2023-05-17,2.1237664186634153,2.0569959676992307,1.92646433612775
2023-05-18,2.137805561969029,2.0114975351936413,1.9233455052313706
2023-05-19,2.1671189044887122,1.9950951771140808,1.8531591309855515
2023-05-22,2.188982823145781,1.9548323698178032,1.872969882420164
2023-05-23,2.182834393970358,1.9156193222001134,1.9048460154394662
2023-05-24,2.143176094394854,1.8763753795863325,1.9207010290522555
2023-05-25,2.173874998462159,1.8629072512781788,1.9310485234824402
2023-05-26,2.1945702743231115,1.845508996143648,1.8999916936817676
2023-05-29,2.218139235765587,1.7952882629967,1.8579025016194715
2023-05-30,2.222583414344022,1.7559106300096623,1.8288094027956443
2023-05-31,2.1887016642596704,1.7221961869421993,1.7822580441972722
2023-06-01,2.1696107659032613,1.6605755319140563,1.7610661892386885
2023-06-02,2.163206498393908,1.6680646405724269,1.7672069994758612
2023-06-05,2.1421282037143015,1.678405460633163,1.7654166745783033
2023-06-06,2.159197022613401,1.6590825251873142,1.794074505299152
2023-06-07,2.1469049406140113,1.6609697884032684,1.80884531986141
2023-06-08,2.106402687330598,1.657143689334129,1.8677074829682456
2023-06-09,2.0850901402627944,1.6539696504593717,1.9121232041518497
2023-06-12,2.03928562065485,1.6052668488913449,1.9218109589476104
2023-06-13,1.9927436744097862,1.591884120944084,1.9905055309456585
2023-06-14,1.9651117892392171,1.5940396844908693,2.067566899002618
2023-06-15,1.9395213821841344,1.623318488513385,2.1430295880970633
2023-06-16,1.918781266939482,1.6424230949542022,2.212163454582293
2023-06-19,1.9011914184072547,1.6950812379653821,2.232789240657962
2023-06-20,1.856970847305575,1.7605253592085448,2.2575393331368434
2023-06-21,1.8084915337856857,1.8373447795466191,2.3243044427950856
2023-06-22,1.755582338854098,1.9173992105494009,2.3660491182742356
2023-06-23,1.7136413557206887,2.023479985555083,2.3580548469507616
2023-06-26,1.6638582047561905,2.121259198152709,2.304977107798232
2023-06-27,1.6001078646585,2.1865578779051846,2.2740664287241614
2023-06-28,1.5623972565224888,2.247575900423235,2.191632186743534
2023-06-29,1.5126116165732013,2.2022030853269747,2.1551717603519407
2023-06-30,1.4963311243250326,2.201260746154903,2.098913340567452
2023-07-03,1.4704928968128954,2.1951577155553754,2.0163854315366296
2023-07-04,1.4881144810954354,2.1050367562320536,1.9148635330449175
2023-07-05,1.493932969099242,2.037085749131707,1.8149341378734096
2023-07-06,1.4987372225456117,1.9631247794148095,1.7113146761378857
2023-07-07,1.5412478509731646,1.9094253592278745,1.613604257911146
2023-07-10,1.58662503023622,1.846558130088922,1.56966570158099
2023-07-11,1.6285320219014707,1.7807892021668346,1.5143004295263847
2023-07-12,1.67221066900613,1.7303251991062585,1.4747465223009575
2023-07-13,1.7250374473444139,1.7027996644998795,1.4311768889760033
2023-07-14,1.7978128304454126,1.6885417608758395,1.4081371466547203
2023-07-17,1.8658731233358548,1.6678512207720366,1.383919481302249
2023-07-18,1.9212696658745059,1.6653475676343044,1.366762774858511
2023-07-19,1.971247711221126,1.6706031642268169,1.4023090156316487
2023-07-20,2.0180431404466876,1.704513139647844,1.4374200283804324
2023-07-21,2.0202548410108525,1.755299174246174,1.482224890316013
2023-07-24,1.9574947304157373,1.783930488135729,1.559809711527275
2023-07-25,1.913274482509827,1.774571233686007,1.6615319678491711
2023-07-26,1.829524847033898,1.778570177543615,1.778606521714041
2023-07-27,1.789774095278049,1.7879767115772656,1.895968908442044
2023-07-28,1.7689000592639799,1.802277346770881,2.0220644078068055
2023-07-31,1.737986988342146,1.7679534750615455,2.106640087950621
2023-08-01,1.6966338180410738,1.7103060771218113,2.165587683271193
2023-08-02,1.68702185383925,1.6839030494023401,2.144187592139224
2023-08-03,1.6682423937292572,1.6419640201241161,2.113541659859298
2023-08-04,1.6595056949831413,1.624865100526128,2.041445811743286
2023-08-07,1.6437158596932016,1.603987650902555,1.9728680757551462
2023-08-08,1.6512321125421823,1.6081050515198811,1.8843499176937015
2023-08-09,1.6404149174556955,1.6239221703265831,1.8430154611591725
2023-08-10,1.629798392117095,1.6510286472867872,1.8020983637669064
2023-08-11,1.6328861846532885,1.696466428039758,1.7700946530693418
2023-08-14,1.6468751514853048,1.729542239560356,1.7449041797470701
2023-08-15,1.66635221538214,1.7513186809283168,1.7376995584027173
2023-08-16,1.6988612819489872,1.7847845804093756,1.7303349574733675
2023-08-17,1.7662588888890745,1.812515638846734,1.721378487348393
2023-08-18,1.8453137093109524,1.845881158464528,1.806153946740103
2023-08-21,1.878914647903372,1.8325459033579938,1.9023941759655907
2023-08-22,1.9029106564078382,1.7838066488685582,1.999669344212776
2023-08-23,1.8855964906409624,1.7308237701264548,2.0572410950304807
2023-08-24,1.875354685334347,1.706730566804972,2.180348819860842
2023-08-25,1.8540695817746904,1.6528088053274557,2.2502671907494363
2023-08-28,1.8176329121319574,1.584017921333851,2.272990045032377
2023-08-29,1.7601107611814935,1.5747264286446632,2.19459084754278
2023-08-30,1.7316067138776579,1.5629363637086633,2.116536209162804
2023-08-31,1.7093558116542573,1.5649404413453276,1.9604337799778517
2023-09-01,1.7029713288938917,1.578923228732722,1.8527681820597968
2023-09-04,1.6959470145032982,1.5792773878339574,1.7477826720655396
2023-09-05,1.6897329942997357,1.5829104168116848,1.654257657147357
2023-09-06,1.6953134784671111,1.6045779618191853,1.575210489360047
2023-09-07,1.6657718511750041,1.6019503174494052,1.50389549919934
2023-09-08,1.6934095595724352,1.6195397258085766,1.4620281113388123
2023-09-11,1.6870717282165473,1.6005232473470525,1.4305160350106463
2023-09-12,1.669018848203867,1.6021348057280989,1.4207869439379435
2023-09-13,1.6615608991864173,1.6112635930824446,1.4425500012122263
2023-09-14,1.6437354472984105,1.599668075796267,1.4596352453602177
2023-09-15,1.62671719170516,1.5975788356708096,1.500890147111354
2023-09-18,1.652442549846629,1.6077460872667555,1.5410067800736917
2023-09-19,1.650079930787738,1.6248308243824696,1.6279582805358275
2023-09-20,1.6758784609555566,1.6403380381105324,1.7231114505612046
2023-09-21,1.69859243218909,1.6682404440712237,1.8359110272618386
2023-09-22,1.7365387659418137,1.7050641391821797,1.9523154696035203
2023-09-25,1.7407993443524907,1.6964812719363909,2.0557141139769888
2023-09-26,1.7549381929301884,1.7074600539857276,2.0835136442148565
2023-09-27,1.8092491833387445,1.7401543414783043,2.0214048784289718
2023-09-28,1.8823828570377366,1.8453091671943969,1.986369995518324
2023-09-29,1.9467311500709379,1.9344287109906224,1.9722974186469298
2023-10-02,1.992308232352934,2.027780488159235,1.9533504667906796
2023-10-03,2.000432172037115,2.0983538215650883,1.9309590212396515
2023-10-04,1.9480154525392142,2.101189244229789,1.9101927523342779
2023-10-05,1.9025764396385016,2.107530801371126,1.9104273152383646
2023-10-06,1.8087336246771766,2.082087613213724,1.892333933484945
2023-10-09,1.709514866297929,2.02065399306026,1.846913775119813
2023-10-10,1.6379555811741258,2.0006458505351143,1.8906615167131264
2023-10-11,1.611172564846712,1.9647701804206839,1.8728887269317533
2023-10-12,1.5693948118308414,1.8978432363447018,1.8928836244834988
2023-10-13,1.5551027090460172,1.7983249506903642,1.9204325039875527
2023-10-16,1.5236760445951787,1.7265477791008867,1.9407473961714965
2023-10-17,1.5023336923935349,1.6442274335427094,2.010377953457138
2023-10-18,1.4870258476257963,1.5917001638815425,2.0597474253185997
2023-10-19,1.5009121864481112,1.5735816476813906,2.035056762017918
2023-10-20,1.5289570206577026,1.5533635840186049,2.0065095885284436
2023-10-23,1.5844731554684255,1.5343480387353745,2.033048613763193
2023-10-24,1.6325483216654302,1.5253767392075606,2.0968546769967413
2023-10-25,1.6814025395995433,1.5115855430234377,2.1239661208375105
2023-10-26,1.7526488255332955,1.4883938793583946,2.1687242247652283
2023-10-27,1.8162881789363914,1.4709712424173529,2.177605490352518
2023-10-30,1.8658166140526597,1.4653654750855392,2.1724855847817497
2023-10-31,1.9009536701802734,1.4507534930463724,2.132566475123747
2023-11-01,1.9090183005688375,1.4254274354672702,2.0633457317861312
2023-11-02,1.9150643713679814,1.4059324134674869,1.99460273695783
2023-11-03,1.8937296657376523,1.3796071686780491,1.8949552609758318
2023-11-06,1.845288673791141,1.3395852786349403,1.7509179631823315
2023-11-07,1.8226530577311608,1.285962804836565,1.6296964888395227
2023-11-08,1.7816448393603523,1.2522834049086773,1.5055802466768469
2023-11-09,1.7318646715389752,1.2260799994756333,1.4142771653040427
2023-11-10,1.6999272622287014,1.2207856043607204,1.3431084644398672
2023-11-13,1.6764666770355008,1.2683020416984137,1.306867571890812
2023-11-14,1.6544734134832266,1.3160966717047118,1.2910469159866145
2023-11-15,1.6616413568595012,1.387357771004798,1.27594969781401
2023-11-16,1.6188703172097179,1.4414840372937254,1.3067711895663634
2023-11-17,1.5906590195695798,1.5180580229851943,1.320540900222473
2023-11-20,1.5647652305752127,1.59825151971064,1.331378430982122
2023-11-21,1.5631823555887183,1.676062428949547,1.3671501613970811
2023-11-22,1.5520787861248886,1.7573914764971723,1.442215877809279
2023-11-23,1.543052474294638,1.7961519238635897,1.515471948022892
2023-11-24,1.5061409354637252,1.8152998201248705,1.5540899825853038
2023-11-27,1.4930645959023099,1.8582968711962466,1.6359015459327262
2023-11-28,1.448698751916445,1.862606640233448,1.7122224995299913
2023-11-29,1.4020928006385525,1.8844532648933658,1.7840729821697003
2023-11-30,1.3484557383953635,1.8916712896631511,1.8186543651986107
2023-12-01,1.3283105250905891,1.8917410386597007,1.807816774449512
2023-12-04,1.3158167153641578,1.9025845273486726,1.813469114622121
2023-12-05,1.2777216543954641,1.9060870897522437,1.8789086109854334
2023-12-06,1.2676570142355836,1.8878582360287135,1.9268112881666497
2023-12-07,1.2949316160463231,1.8901817060729185,2.0045979408415406
2023-12-08,1.3230052422672758,1.8496164064180172,2.0722643912622543
2023-12-11,1.3444345344308137,1.839731993751766,2.147356052792051
2023-12-12,1.3638759247601735,1.810472856334015,2.179422145580406
2023-12-13,1.3667647139308945,1.7693961211031861,2.1683670066941017
2023-12-14,1.43355679241307,1.7412403627345214,2.171341181223047
2023-12-15,1.507564800648106,1.7385564941831702,2.0863217932989215
2023-12-18,1.5928782150560605,1.7158218711146769,2.003829358043188
2023-12-19,1.677520409158961,1.7052938226483272,1.8758302695045013
2023-12-20,1.757639312385531,1.705409829646296,1.7816316704680206
2023-12-21,1.8516651015503671,1.6760620942863198,1.7133413069935495
2023-12-22,1.9171617312450353,1.6909702341990538,1.6421390096027895
2023-12-25,1.8951743070050495,1.6966410900656947,1.6014984470870584
2023-12-26,1.8371099448591244,1.7093750994296824,1.5585334140422857
2023-12-27,1.760852271105992,1.7194838821700922,1.5140634130536412
2023-12-28,1.6802939843271232,1.7706845414981964,1.5119248289220435
2023-12-29,1.6020385632088512,1.809683227458539,1.5072384129210956
2024-01-01,1.5322735993373966,1.857017079424873,1.5046932245941655
2024-01-02,1.4676365904019046,1.8613524195080722,1.5516732491704597
2024-01-03,1.435930903664313,1.8743584670332116,1.6282274770896554
2024-01-04,1.4226176864250681,1.8915067748779613,1.733114225331275
2024-01-05,1.4132745916348248,1.8398051105287379,1.8425668046400208
2024-01-08,1.4187320320420254,1.763911979217613,1.9301274210355064
2024-01-09,1.4502176342984467,1.7586366806252265,2.0531649499648466
2024-01-10,1.475841585237686,1.737333607090358,2.1541203870863663
2024-01-11,1.5151246088937032,1.7050613429627504,2.2610774106849583
2024-01-12,1.5402321614898433,1.6717891474373678,2.309948418949374
2024-01-15,1.5960976120605526,1.6849953405560498,2.290747346037502
2024-01-16,1.65102057574797,1.67047156321205,2.2966373711928814
2024-01-17,1.7143018098638434,1.679801667148354,2.304683420721572
2024-01-18,1.7853042435783717,1.6453346910125544,2.2827862279599813
2024-01-19,1.8638636456533635,1.675658984381802,2.1945309197220846
2024-01-22,1.9427730329488717,1.7236651330356865,2.165367782682659
2024-01-23,2.004262717190552,1.7668846404083194,2.13429427288032
2024-01-24,2.0650148607527647,1.75718647327121,2.0650030043921066
2024-01-25,2.1104942022449706,1.7671431472277785,2.0225104176147624
2024-01-26,2.1537173531420226,1.7971488956290727,1.9772292720339004
2024-01-29,2.1501394704073755,1.8065519600458444,1.9584181378566439
2024-01-30,2.1185195207037393,1.809799118597747,1.920361296634239
2024-01-31,2.0528856950656684,1.802270127917441,1.9062880071433346
2024-02-01,2.0411602992550155,1.8041490369363269,1.8623530353186377
2024-02-02,2.006898489310227,1.8220356039902068,1.8084809444354621
2024-02-05,1.9580967111005692,1.8630537289488651,1.74484230650007
2024-02-06,1.9193830771720262,1.8902809050075662,1.7189170462587091
2024-02-07,1.8667322363189582,1.9728871082732313,1.6800768795018508
2024-02-08,1.8107800873515285,2.050835789204917,1.6750029020245571
2024-02-09,1.7547100275565808,2.0892165506769738,1.666108323656784
2024-02-12,1.699538365891508,2.091489997028857,1.6872761074778961
2024-02-13,1.6526131452555313,2.0798045795843714,1.71907299378605
2024-02-14,1.6663044415620534,2.0747118989994706,1.7208472880935168
2024-02-15,1.6668420090618166,2.081742281356195,1.7580155226839318
2024-02-16,1.6374892078053522,2.105800950938147,1.7426740328302406
2024-02-19,1.6358224506188406,2.0995544731647633,1.8014651117818428
2024-02-20,1.6165821101330768,2.0803876587762242,1.8308180510929202
2024-02-21,1.62658365323384,2.0527604032441626,1.842027938200169
2024-02-22,1.6262846679662053,1.9743401451360472,1.7795702561000155
2024-02-23,1.677306231029883,1.985734757460816,1.702341234173824
2024-02-26,1.7019643453787237,1.9597427516816985,1.6152140940063748
2024-02-27,1.7533329887724332,1.8835261375430103,1.5669419006924203
2024-02-28,1.761847266541721,1.845150520833288,1.5055735243750399
2024-02-29,1.760913895006963,1.815712890284992,1.523124028472994
2024-03-01,1.7736029457466822,1.8068183072696147,1.4964119855408489
2024-03-04,1.7920124092857994,1.8548247840632897,1.5120681304213262
2024-03-05,1.822111454137928,1.9021221441018108,1.5533383352456223
2024-03-06,1.8521920747254956,1.9551308189987533,1.595460383594721
2024-03-07,1.8740217272390902,1.995389396873872,1.5911723306121348
2024-03-08,1.905482397010009,1.9965066860098653,1.5761538521778402
2024-03-11,1.9327770954991383,1.99759548295835,1.5735697544451295
2024-03-12,1.8886826676105624,1.9620957970427717,1.58155292026224
2024-03-13,1.906085378445619,1.9731069312853993,1.5845328798942124
2024-03-14,1.89047965502505,1.935281956261889,1.589084975192502
2024-03-15,1.8601267754640838,1.8421492168188482,1.580207733007202
2024-03-18,1.8513875283292294,1.7220753700975742,1.5598021660969694
2024-03-19,1.8229198109065101,1.6260165247623533,1.5432756854926075
2024-03-20,1.7910866481815846,1.5281858665153245,1.534171820038117
2024-03-21,1.7889906244569043,1.4271107969374084,1.5312771577470572
2024-03-22,1.8000915791046894,1.3611148672936342,1.4858710763540683
2024-03-25,1.7916729387066395,1.3028254544892437,1.4597328156001608
2024-03-26,1.815192156499785,1.285135818911874,1.4644113737666762
2024-03-27,1.8351237901017958,1.2509279108823277,1.4632842207375663
2024-03-28,1.8505815212250138,1.2483650468504208,1.4893812452176423
2024-03-29,1.8851783161820614,1.2741940554709135,1.5122609037787587
2024-04-01,1.900343290007574,1.295133012364856,1.559487410587744
2024-04-02,1.9057767575806361,1.3500444582662416,1.5995142593596645
2024-04-03,1.8785539171874885,1.4309558372685638,1.6719353062378608
2024-04-04,1.8506943074544508,1.5282310070225114,1.7323008101430721
2024-04-05,1.8532801454673007,1.6217206549955614,1.8011296699810202
2024-04-08,1.8650267467071082,1.7671505714153832,1.8710157893988142
2024-04-09,1.8569112021679877,1.8754347906495754,1.9475821359055756
2024-04-10,1.8409147542898276,1.9785228368383878,2.00480808523055
2024-04-11,1.8345325859216328,2.018941486685542,2.0964364191093936
2024-04-12,1.817975152424456,1.995313504051599,2.1583977909582526
2024-04-15,1.8045742901496367,1.882628942335081,2.143355246223374
2024-04-16,1.823584364268252,1.76303827885263,2.1708055761950495
2024-04-17,1.854559371254388,1.6442295222369836,2.1808631439425046
2024-04-18,1.868678068549133,1.555403598390092,2.1658143776341654
2024-04-19,1.9217817335052811,1.472388434580082,2.172141812751919
2024-04-22,1.972231954205158,1.3969146942401574,2.23949576993097
2024-04-23,1.9913029360411427,1.3840200393563578,2.2942774492990257
2024-04-24,2.000674406636137,1.3351000753344935,2.3175362382499216
2024-04-25,1.9921019013880523,1.3257373474229668,2.312139263328906
2024-04-26,1.9734703008120267,1.3115494054969334,2.2413046111048436
2024-04-29,1.9091957250960985,1.3071540338433518,2.1700861501167696
2024-04-30,1.8235675935830076,1.3086254126767045,2.1535188950712048
2024-05-01,1.7631603381369296,1.350173933018288,2.1122020349555033
2024-05-02,1.7241848551331476,1.3648796851682279,2.061428423693514
2024-05-03,1.6861813638985808,1.4042612948669093,2.0150592044396527
2024-05-06,1.6707939268228904,1.4558003347481636,2.0216675010706293
2024-05-07,1.6438441491610711,1.5152093591190277,2.0075060632101813
2024-05-08,1.656118711868943,1.5680855034018681,1.9844504082256031
2024-05-09,1.6591040834312492,1.6293871382442238,1.9483216876738323
2024-05-10,1.6841146723411737,1.6845390158922817,1.9331135329182674
2024-05-13,1.7012128884023068,1.7353075293794227,1.926188549649486
2024-05-14,1.7333782089077692,1.7716441922887576,1.9098854582067408
2024-05-15,1.7708236852999337,1.793507411954366,1.903856670709984
2024-05-16,1.7866427034783747,1.8129133754721354,1.957058199170579
2024-05-17,1.83108779677933,1.8300725140546719,1.9700165772791198
2024-05-20,1.8674485484291485,1.8590680631724674,2.033667855172669
2024-05-21,1.879334368290184,1.8686689443104552,2.066549792802546
2024-05-22,1.8484123429319537,1.861785854526861,2.116587499237491
2024-05-23,1.7955096313350898,1.8954456444387355,2.1243634079432887
2024-05-24,1.717776052252092,1.9190563707180832,2.101574181591884
2024-05-27,1.6707478619319756,1.9186237668113713,2.090997685293129
2024-05-28,1.593031492315287,1.9341268602406705,2.050021506543361
2024-05-29,1.5356740248366998,1.9153153719799463,1.9854017830815218
2024-05-30,1.4907117321779542,1.8926090238475726,1.9390117014613761
2024-05-31,1.4595363657394433,1.8156542195678778,1.8734210758164234
2024-06-03,1.4518209300837528,1.7737506208577813,1.8329172879380098
2024-06-04,1.456659629628138,1.7406445957242933,1.8009075128546166
2024-06-05,1.4648933214040976,1.7127112205392887,1.7636909450796432
2024-06-06,1.4969040966752063,1.7030220440515615,1.741831872128116
2024-06-07,1.51279021637495,1.6797749667576924,1.6955347338521178
2024-06-10,1.5015682346218082,1.6767565724954805,1.6522023673112136
2024-06-11,1.5558108686039773,1.7066668545263937,1.6150965292808044
2024-06-12,1.5999942435869903,1.7378302391961975,1.632355607317874
2024-06-13,1.6541388137327722,1.7777688118865553,1.6240596345898384
2024-06-14,1.7109631366498785,1.81989473982676,1.6582443924233947
2024-06-17,1.7822012219589172,1.8566106769156707,1.6858800757712973
2024-06-18,1.854937159428685,1.8909452042064452,1.74599129489422
2024-06-19,1.907081938176812,1.9188008183004688,1.8222220587044442
2024-06-20,1.9169861291016963,1.9105010832977043,1.8696040313824631
2024-06-21,1.9068644605518934,1.9136088708359944,1.9540828285630405
2024-06-24,1.8620757498215255,1.9115131924562356,2.025458850983443
2024-06-25,1.7746945613298672,1.887851448221131,2.119095681119805
2024-06-26,1.6938968691129108,1.920540577154924,2.1406056059193457
2024-06-27,1.6159164203839678,1.9026166110200324,2.1315716199941788
2024-06-28,1.5486819386181798,1.9798715702789156,2.031668148532137
2024-07-01,1.4958630863524096,2.0294733487407557,2.015059760694491
2024-07-02,1.4466726441701152,2.077507848385623,1.9305131251840093
2024-07-03,1.4176070899674242,2.0536847082142815,1.855263118318375
2024-07-04,1.400981322298861,2.0959694058559544,1.8048621826534579
2024-07-05,1.40338186338491,2.1176919807924888,1.7682785831677865
2024-07-08,1.4222628957519647,2.131381841492494,1.68955885451613
2024-07-09,1.4041844901526526,2.21708935074298,1.6622328766327716
2024-07-10,1.429562257047258,2.219945498516642,1.6330034962447033
2024-07-11,1.4910784972950126,2.2530927241079723,1.6039886882558458
2024-07-12,1.5778622171824115,2.26988867657547,1.5620140874785282
2024-07-15,1.6443855826617104,2.2914743988222908,1.5259737742481314
2024-07-16,1.6732835087552003,2.269862740622874,1.5931329715260916
2024-07-17,1.7444269191936121,2.246528205157327,1.6147413903132826
2024-07-18,1.818751323400411,2.2086970232845657,1.6465658967900125
2024-07-19,1.852800347953368,2.1735160339278825,1.6505854420506074
2024-07-22,1.856544268618237,2.1509491384330013,1.6883113076339344
2024-07-23,1.843388886692954,2.079554117061314,1.696455395796805
2024-07-24,1.7932544513642523,2.001873121262048,1.7243594358420535
2024-07-25,1.8036984112815793,1.9034234737478946,1.727622675995378
2024-07-26,1.7555985844555562,1.851057262339983,1.7335182176791903
2024-07-29,1.753655020269524,1.7940790254377763,1.7377445739934227
2024-07-30,1.7298678859683456,1.7304447711627924,1.73000665913425
2024-07-31,1.7335818420512576,1.7012428543591531,1.7091350745409681
2024-08-01,1.7528600997289112,1.6602220585273753,1.6794919171638587
2024-08-02,1.7860836425413176,1.6848247663422455,1.6254912094986786
2024-08-05,1.818483167983157,1.6812422601076689,1.604008218559205
2024-08-06,1.8813352913421169,1.6987487933394232,1.6447142972774855
2024-08-07,1.9004486380201018,1.7032889940454388,1.668353802523201
2024-08-08,1.9201328501111399,1.721104412460483,1.6860168914675042
2024-08-09,1.950714747901496,1.7672640148445085,1.7071722654404717
2024-08-12,1.9562418619381423,1.8010226939818543,1.7271977704491976
2024-08-13,1.9490506710826032,1.8518975666274557,1.7366024569995364
2024-08-14,1.9434021257984837,1.9005176599015048,1.7330748204911914
2024-08-15,1.898067953895683,1.9768760858230823,1.760521830054325
2024-08-16,1.870752598575878,1.9865028114394503,1.773358392776165
2024-08-19,1.8194715109859638,2.0523427414670548,1.7767291888726928
2024-08-20,1.785630185331847,2.077654529723159,1.7821662057711691
2024-08-21,1.7696108086257565,2.0692436078529264,1.7791043473806991
2024-08-22,1.7642242623426012,2.0525072350479654,1.7875873390598842
2024-08-23,1.7737962049317855,2.0433854357137387,1.7410303545625467
2024-08-26,1.785977886665443,2.0180200899954444,1.740397320940876
2024-08-27,1.7795870848804607,2.036113307041701,1.7161523577616744
2024-08-28,1.7521800771946672,2.026316238721646,1.7230698000166975
2024-08-29,1.717804860077405,1.9453549010548448,1.7013272535455932
2024-08-30,1.6645316696960246,1.9125109605816368,1.7068706945416117
2024-09-02,1.6397650244216564,1.8615198072471326,1.724735720763182
2024-09-03,1.5909578603465098,1.7907659203195259,1.763442148631892
2024-09-04,1.5866797807862576,1.709254715871882,1.8126751969133792
2024-09-05,1.5572919898705004,1.673784176677326,1.8558874671881926
2024-09-06,1.5662846423858017,1.655473619039181,1.9293692770393507
2024-09-09,1.58065327766576,1.6378300950346278,2.0125344368689433
2024-09-10,1.5859857233471464,1.6255924432745887,2.092928921935879
2024-09-11,1.5678831361968175,1.6246050738576465,2.13965008578549
2024-09-12,1.5438101378302385,1.6032556527580237,2.1536451433434043
2024-09-13,1.529259697481475,1.6265843878453803,2.108580414550972
2024-09-16,1.5996924481706765,1.7007742154583174,2.1363073636641454
2024-09-17,1.6593466555182101,1.797505712685208,2.1331789982023177
2024-09-18,1.700323541120155,1.8921752669426455,2.0959555958378355
2024-09-19,1.7508094868149635,1.9603996121414426,2.03282804920899
2024-09-20,1.812818328526685,2.0264813179882566,1.9745276586803104
2024-09-23,1.8348231003117614,2.0861018283803583,1.9548028205736863
2024-09-24,1.850414175911851,2.1001131370874035,1.919527849334884
2024-09-25,1.8380974495058948,2.133187318478311,1.9107633164623206
2024-09-26,1.8276135953078247,2.110320196463749,1.9133684779651703
2024-09-27,1.8035156536616177,2.0085672313672744,1.9055704731211867
2024-09-30,1.7738398912066435,1.9254161441308122,1.861449831096608
2024-10-01,1.7412197713485063,1.8478218772400148,1.8222369313797682
2024-10-02,1.711084410224062,1.7747574997638074,1.8114623449082035
2024-10-03,1.6377961360004318,1.6858539533577201,1.7564610325340237
2024-10-04,1.6158708411510043,1.603701543271489,1.745678933886602
2024-10-07,1.6097586604147356,1.5410972243346908,1.721917351335256
2024-10-08,1.6083232470047306,1.4703766448956261,1.6871014492277336
2024-10-09,1.6003378366535235,1.4256586820630093,1.6613415511054528
2024-10-10,1.567216959040976,1.3728127670854913,1.636964819538243
2024-10-11,1.5668904982960357,1.3937367591279222,1.6197024415205978
2024-10-14,1.513562701337244,1.42932080760275,1.6048732768922052
2024-10-15,1.5483885875848709,1.4589206769193275,1.634769923340418
2024-10-16,1.579680020566187,1.491629111557757,1.6409556290302763
2024-10-17,1.6037980155914842,1.5072775343007534,1.6816806106934459
2024-10-18,1.6542810668345385,1.561491009830324,1.7274711085531682
2024-10-21,1.7209402546360717,1.6197262520360467,1.7879916269894138
2024-10-22,1.7809633247287886,1.682324863069358,1.8373888200348147
2024-10-23,1.8030110524879273,1.73810415145143,1.8633299299327628
2024-10-24,1.8568483142877246,1.8101554526916572,1.8807543152219424
2024-10-25,1.8725185602491867,1.8831785173929152,1.8622752939590392
2024-10-28,1.8881023627213507,1.9168643966924017,1.8577726451717618
2024-10-29,1.8499840854582228,1.9732573729538887,1.8037833484045662
2024-10-30,1.780651094579464,1.9923590071480701,1.7509857244097742
2024-10-31,1.7238411246999654,1.9768004544218685,1.7307413129726141
2024-11-01,1.710443846243708,1.9371758102883576,1.7183901200387999
2024-11-04,1.7085832591983698,1.8547995435593148,1.700818047124729
2024-11-05,1.7144715206054835,1.776366453091856,1.6987498396313832
2024-11-06,1.7509186351002088,1.7156762947971798,1.6725929321571125
2024-11-07,1.8122182994763572,1.6994000679745773,1.7078158927816345
2024-11-08,1.8816325407963626,1.679497870606643,1.6930746942497492
2024-11-11,1.9138189864583761,1.6417148070388548,1.6807303573771373
2024-11-12,1.9777407248079435,1.6533737858227207,1.780450336265427
2024-11-13,2.0240666965139837,1.66445964640895,1.8518596777028076
2024-11-14,2.0364947809227,1.6749418773137614,1.9343138048004196
2024-11-15,2.024329412189267,1.6973976937112751,2.0121217512312812
2024-11-18,2.0320820498909913,1.703390323782575,2.0624288955990635
2024-11-19,2.0092863548575624,1.7629529891363849,2.056993285597153
2024-11-20,1.926808619288106,1.8016537236963521,2.0311411062946303
2024-11-21,1.8377703132964731,1.8188244229813442,1.9727138780621751
2024-11-22,1.7474591116426648,1.8138409250272844,1.8780651858699233
2024-11-25,1.6813026407241205,1.7936184561008015,1.7613646078687553
2024-11-26,1.617522864182283,1.793717353215595,1.7073606397085639
2024-11-27,1.5901234532605582,1.7398573962706527,1.643313732898228
2024-11-28,1.572174837280632,1.7049284660099335,1.6029890896379428
2024-11-29,1.561914821916648,1.6506921552975393,1.5347899568426204
2024-12-02,1.569689329526668,1.6214902920980154,1.487365334516941
2024-12-03,1.556108962990043,1.5851994059769758,1.4462278906254076
2024-12-04,1.5719693679499473,1.57056071631863,1.407835965237148
2024-12-05,1.6164919695543025,1.56599334786486,1.3914559809594942
2024-12-06,1.6608684935534317,1.588256366204632,1.3700550332482795
2024-12-09,1.7081365163168816,1.6079695414476427,1.3878153865832739
2024-12-10,1.7402296439156657,1.6535284429699073,1.408172833995398
2024-12-11,1.7508142786048375,1.7146966295499075,1.4340656523948794
2024-12-12,1.8606702655242153,1.8021569912694972,1.5015914856029655
2024-12-13,1.8892747613191037,1.9061672390071647,1.5645136016513288
2024-12-16,1.8523449712519249,2.008646664212506,1.6380604402736643
2024-12-17,1.752495497918319,2.088933136673459,1.7139682363597162
2024-12-18,1.6713119384604547,2.1051141658274486,1.7910134772234536
2024-12-19,1.7104515419265387,2.109249532845498,1.893061464390924
2024-12-20,1.732476378366447,2.051199505749626,1.982391036611141
2024-12-23,1.7823281739654413,2.0586615649156275,2.039488654811396
2024-12-24,1.8124802926529535,2.040820025053749,2.0703234540481024
2024-12-25,1.825561950607411,2.0539162881819295,2.0769968518112827
2024-12-26,1.8202170203490748,2.083439040762446,2.080663590124391
2024-12-27,1.869218100691536,2.099647982999121,2.0795621726657303
2024-12-30,1.9162228228101212,2.089387849535741,2.062205771636755
2024-12-31,1.9592309494989808,2.056666136910585,2.031826365388905
2025-01-01,1.9556979776599441,2.009004946598832,2.0125905404313507
