Date,GOLD,BTC
2022-01-03,1799.4000244140625,46458.1171875
2022-01-04,1814.0,45897.57421875
2022-01-05,1824.5999755859375,43569.00390625
2022-01-06,1788.699951171875,43160.9296875
2022-01-07,1797.0,41557.90234375
2022-01-10,1798.4000244140625,41821.26171875
2022-01-11,1818.5999755859375,42735.85546875
2022-01-12,1827.199951171875,43949.1015625
2022-01-13,1821.199951171875,42591.5703125
2022-01-14,1816.5,43099.69921875
2022-01-17,1816.5,42250.55078125
2022-01-18,1812.300048828125,42375.6328125
2022-01-19,1843.0999755859375,41744.328125
2022-01-20,1842.5,40680.41796875
2022-01-21,1831.800048828125,36457.31640625
2022-01-24,1841.699951171875,36654.328125
2022-01-25,1852.699951171875,36954.00390625
2022-01-26,1829.9000244140625,36852.12109375
2022-01-27,1793.300048828125,37138.234375
2022-01-28,1784.9000244140625,37784.33203125
2022-01-31,1795.0,38483.125
2022-02-01,1800.300048828125,38743.2734375
2022-02-02,1809.199951171875,36952.984375
2022-02-03,1803.0,37154.6015625
2022-02-04,1806.5999755859375,41500.875
2022-02-07,1820.5999755859375,43840.28515625
2022-02-08,1826.5999755859375,44118.4453125
2022-02-09,1835.199951171875,44338.796875
2022-02-10,1836.199951171875,43565.11328125
2022-02-11,1840.800048828125,42407.9375
2022-02-14,1868.0,42586.91796875
2022-02-15,1854.800048828125,44575.203125
2022-02-16,1870.199951171875,43961.859375
2022-02-17,1900.699951171875,40538.01171875
2022-02-18,1898.5999755859375,40030.9765625
2022-02-21,1898.5999755859375,37075.28125
2022-02-22,1906.0999755859375,38286.02734375
2022-02-23,1909.199951171875,37296.5703125
2022-02-24,1925.0999755859375,38332.609375
2022-02-25,1886.5,39214.21875
2022-02-28,1899.4000244140625,43193.234375
2022-03-01,1942.4000244140625,44354.63671875
2022-03-02,1920.9000244140625,43924.1171875
2022-03-03,1934.4000244140625,42451.7890625
2022-03-04,1965.0999755859375,39137.60546875
2022-03-07,1993.9000244140625,38062.0390625
2022-03-08,2040.0999755859375,38737.26953125
2022-03-09,1985.9000244140625,41982.92578125
2022-03-10,1998.0999755859375,39437.4609375
2022-03-11,1982.699951171875,38794.97265625
2022-03-14,1959.5999755859375,39666.75390625
2022-03-15,1928.5,39338.78515625
2022-03-16,1908.0,41143.9296875
2022-03-17,1942.0999755859375,40951.37890625
2022-03-18,1928.199951171875,41801.15625
2022-03-21,1928.5999755859375,41077.99609375
2022-03-22,1920.699951171875,42358.80859375
2022-03-23,1936.5999755859375,42892.95703125
2022-03-24,1961.5999755859375,43960.93359375
2022-03-25,1953.800048828125,44348.73046875
2022-03-28,1939.5999755859375,47128.00390625
2022-03-29,1912.0,47465.73046875
2022-03-30,1933.5,47062.6640625
2022-03-31,1949.199951171875,45538.67578125
2022-04-01,1919.0999755859375,46281.64453125
2022-04-04,1929.199951171875,46622.67578125
2022-04-05,1922.9000244140625,45555.9921875
2022-04-06,1918.4000244140625,43206.73828125
2022-04-07,1933.800048828125,43503.84765625
2022-04-08,1941.5999755859375,42287.6640625
2022-04-11,1944.300048828125,39521.90234375
2022-04-12,1972.0999755859375,40127.18359375
2022-04-13,1981.0,41166.73046875
2022-04-14,1970.9000244140625,39935.515625
2022-04-15,1970.9000244140625,40553.46484375
2022-04-18,1982.9000244140625,40826.21484375
2022-04-19,1955.699951171875,41502.75
2022-04-20,1952.300048828125,41374.37890625
2022-04-21,1944.9000244140625,40527.36328125
2022-04-22,1931.0,39740.3203125
2022-04-25,1893.199951171875,40458.30859375
2022-04-26,1901.4000244140625,38117.4609375
2022-04-27,1885.9000244140625,39241.12109375
2022-04-28,1888.699951171875,39773.828125
2022-04-29,1909.300048828125,38609.82421875
2022-05-02,1861.800048828125,38529.328125
2022-05-03,1868.800048828125,37750.453125
2022-05-04,1867.0,39698.37109375
2022-05-05,1874.0,36575.140625
2022-05-06,1881.199951171875,36040.921875
2022-05-09,1857.0999755859375,30296.953125
2022-05-10,1839.9000244140625,31022.90625
2022-05-11,1852.5999755859375,28936.35546875
2022-05-12,1823.800048828125,29047.751953125
2022-05-13,1807.4000244140625,29283.103515625
2022-05-16,1813.5,29862.91796875
2022-05-17,1818.199951171875,30425.857421875
2022-05-18,1815.9000244140625,28720.271484375
2022-05-19,1841.199951171875,30314.333984375
2022-05-20,1841.800048828125,29200.740234375
2022-05-23,1847.800048828125,29098.91015625
2022-05-24,1865.0999755859375,29655.5859375
2022-05-25,1846.199951171875,29562.361328125
2022-05-26,1847.4000244140625,29267.224609375
2022-05-27,1851.300048828125,28627.57421875
2022-05-30,1851.300048828125,31726.390625
2022-05-31,1842.699951171875,31792.310546875
2022-06-01,1843.300048828125,29799.080078125
2022-06-02,1866.5,30467.48828125
2022-06-03,1845.4000244140625,29704.390625
2022-06-06,1839.199951171875,31370.671875
2022-06-07,1847.5,31155.478515625
2022-06-08,1851.9000244140625,30214.35546875
2022-06-09,1848.800048828125,30111.998046875
2022-06-10,1871.5,29083.8046875
2022-06-13,1828.0,22487.388671875
2022-06-14,1809.5,22206.79296875
2022-06-15,1815.300048828125,22572.83984375
2022-06-16,1845.699951171875,20381.650390625
2022-06-17,1835.5999755859375,20471.482421875
2022-06-20,1835.5999755859375,20599.537109375
2022-06-21,1834.5999755859375,20710.59765625
2022-06-22,1834.300048828125,19987.029296875
2022-06-23,1825.699951171875,21085.876953125
2022-06-24,1826.5,21231.65625
2022-06-27,1820.9000244140625,20735.478515625
2022-06-28,1817.5,20280.634765625
2022-06-29,1813.699951171875,20104.0234375
2022-06-30,1804.0999755859375,19784.7265625
2022-07-01,1798.9000244140625,19269.3671875
2022-07-04,1798.9000244140625,20231.26171875
2022-07-05,1761.800048828125,20190.115234375
2022-07-06,1734.9000244140625,20548.24609375
2022-07-07,1737.9000244140625,21637.587890625
2022-07-08,1740.5999755859375,21731.1171875
2022-07-11,1730.0,19970.556640625
2022-07-12,1723.300048828125,19323.9140625
2022-07-13,1734.199951171875,20212.07421875
2022-07-14,1704.5,20569.919921875
2022-07-15,1702.4000244140625,20836.328125
2022-07-18,1709.199951171875,22485.689453125
2022-07-19,1710.0,23389.43359375
2022-07-20,1699.5,23231.732421875
2022-07-21,1712.699951171875,23164.62890625
2022-07-22,1727.0999755859375,22714.978515625
2022-07-25,1719.0,21361.701171875
2022-07-26,1717.699951171875,21239.75390625
2022-07-27,1719.0999755859375,22930.548828125
2022-07-28,1750.300048828125,23843.88671875
2022-07-29,1762.9000244140625,23804.6328125
2022-08-01,1769.0,23314.19921875
2022-08-02,1771.0999755859375,22978.1171875
2022-08-03,1758.0,22846.5078125
2022-08-04,1788.5,22630.95703125
2022-08-05,1772.9000244140625,23289.314453125
2022-08-08,1786.800048828125,23809.486328125
2022-08-09,1794.0,23164.318359375
2022-08-10,1795.5999755859375,23947.642578125
2022-08-11,1789.699951171875,23957.529296875
2022-08-12,1798.5999755859375,24402.818359375
2022-08-15,1781.4000244140625,24136.97265625
2022-08-16,1773.199951171875,23883.291015625
2022-08-17,1760.300048828125,23335.998046875
2022-08-18,1755.300048828125,23212.73828125
2022-08-19,1747.5999755859375,20877.552734375
2022-08-22,1734.0,21398.908203125
2022-08-23,1746.800048828125,21528.087890625
2022-08-24,1747.800048828125,21395.01953125
2022-08-25,1757.699951171875,21600.904296875
2022-08-26,1736.0999755859375,20260.01953125
2022-08-29,1736.5999755859375,20297.994140625
2022-08-30,1723.199951171875,19796.80859375
2022-08-31,1712.800048828125,20049.763671875
2022-09-01,1696.5999755859375,20127.140625
2022-09-02,1709.800048828125,19969.771484375
2022-09-05,1709.800048828125,19812.37109375
2022-09-06,1700.4000244140625,18837.66796875
2022-09-07,1715.300048828125,19290.32421875
2022-09-08,1708.0,19329.833984375
2022-09-09,1716.199951171875,21381.15234375
2022-09-12,1728.0999755859375,22370.44921875
2022-09-13,1705.0,20296.70703125
2022-09-14,1696.5,20241.08984375
2022-09-15,1665.4000244140625,19701.2109375
2022-09-16,1671.699951171875,19772.583984375
2022-09-19,1666.199951171875,19544.12890625
2022-09-20,1659.699951171875,18890.7890625
2022-09-21,1664.5999755859375,18547.400390625
2022-09-22,1670.800048828125,19413.55078125
2022-09-23,1645.300048828125,19297.638671875
2022-09-26,1623.300048828125,19222.671875
2022-09-27,1626.699951171875,19110.546875
2022-09-28,1660.4000244140625,19426.720703125
2022-09-29,1658.5,19573.05078125
2022-09-30,1662.4000244140625,19431.7890625
2022-10-03,1692.9000244140625,19623.580078125
2022-10-04,1721.0999755859375,20336.84375
2022-10-05,1711.4000244140625,20160.716796875
2022-10-06,1711.699951171875,19955.443359375
2022-10-07,1700.5,19546.849609375
2022-10-10,1667.300048828125,19141.484375
2022-10-11,1678.699951171875,19051.41796875
2022-10-12,1670.300048828125,19157.4453125
2022-10-13,1670.0,19382.904296875
2022-10-14,1641.699951171875,19185.65625
2022-10-17,1657.0,19550.7578125
2022-10-18,1649.0,19334.416015625
2022-10-19,1627.5,19139.53515625
2022-10-20,1630.800048828125,19053.740234375
2022-10-21,1651.0,19172.46875
2022-10-24,1648.699951171875,19345.572265625
2022-10-25,1652.800048828125,20095.857421875
2022-10-26,1664.0,20770.44140625
2022-10-27,1660.699951171875,20285.8359375
2022-10-28,1639.5999755859375,20595.3515625
2022-10-31,1635.9000244140625,20495.7734375
2022-11-01,1645.0,20485.2734375
2022-11-02,1645.699951171875,20159.50390625
2022-11-03,1627.300048828125,20209.98828125
2022-11-04,1672.5,21147.23046875
2022-11-07,1676.5,20602.81640625
2022-11-08,1712.0999755859375,18541.271484375
2022-11-09,1710.0999755859375,15880.7802734375
2022-11-10,1750.300048828125,17586.771484375
2022-11-11,1766.0,17034.29296875
2022-11-14,1773.5999755859375,16618.19921875
2022-11-15,1773.800048828125,16884.61328125
2022-11-16,1773.0,16669.439453125
2022-11-17,1760.800048828125,16687.517578125
2022-11-18,1751.9000244140625,16697.77734375
2022-11-21,1737.4000244140625,15787.2841796875
2022-11-22,1738.300048828125,16189.76953125
2022-11-23,1744.9000244140625,16610.70703125
2022-11-24,1744.9000244140625,16604.46484375
2022-11-25,1753.300048828125,16521.841796875
2022-11-28,1740.0999755859375,16217.322265625
2022-11-29,1748.4000244140625,16444.982421875
2022-11-30,1746.0,17168.56640625
2022-12-01,1801.0999755859375,16967.1328125
2022-12-02,1795.9000244140625,17088.66015625
2022-12-05,1767.4000244140625,16974.826171875
2022-12-06,1769.300048828125,17089.50390625
2022-12-07,1785.5,16848.126953125
2022-12-08,1788.699951171875,17233.474609375
2022-12-09,1798.0999755859375,17133.15234375
2022-12-12,1780.5,17206.4375
2022-12-13,1813.9000244140625,17781.318359375
2022-12-14,1807.5,17815.650390625
2022-12-15,1777.199951171875,17364.865234375
2022-12-16,1790.0,16647.484375
2022-12-19,1787.699951171875,16439.6796875
2022-12-20,1815.9000244140625,16906.3046875
2022-12-21,1815.9000244140625,16817.53515625
2022-12-22,1787.0,16830.341796875
2022-12-23,1795.9000244140625,16796.953125
2022-12-26,1795.9000244140625,16919.8046875
2022-12-27,1814.800048828125,16717.173828125
2022-12-28,1807.9000244140625,16552.572265625
2022-12-29,1819.5,16642.341796875
2022-12-30,1819.699951171875,16602.5859375
2023-01-02,1819.699951171875,16688.470703125
2023-01-03,1839.699951171875,16679.857421875
2023-01-04,1852.800048828125,16863.23828125
2023-01-05,1834.800048828125,16836.736328125
2023-01-06,1864.199951171875,16951.96875
2023-01-09,1872.699951171875,17196.5546875
2023-01-10,1871.5999755859375,17446.29296875
2023-01-11,1874.5999755859375,17934.896484375
2023-01-12,1895.5,18869.587890625
2023-01-13,1918.4000244140625,19909.57421875
2023-01-16,1918.4000244140625,21169.6328125
2023-01-17,1907.199951171875,21161.51953125
2023-01-18,1904.4000244140625,20688.78125
2023-01-19,1922.0999755859375,21086.79296875
2023-01-20,1926.4000244140625,22676.552734375
2023-01-23,1927.0999755859375,22934.431640625
2023-01-24,1933.9000244140625,22636.46875
2023-01-25,1941.199951171875,23117.859375
2023-01-26,1929.0999755859375,23032.77734375
2023-01-27,1928.5999755859375,23078.728515625
2023-01-30,1922.9000244140625,22840.138671875
2023-01-31,1929.5,23139.283203125
2023-02-01,1927.800048828125,23723.76953125
2023-02-02,1916.300048828125,23471.87109375
2023-02-03,1862.9000244140625,23449.322265625
2023-02-06,1866.199951171875,22760.109375
2023-02-07,1871.699951171875,23264.291015625
2023-02-08,1877.4000244140625,22939.3984375
2023-02-09,1866.199951171875,21819.0390625
2023-02-10,1862.800048828125,21651.18359375
2023-02-13,1851.9000244140625,21808.1015625
2023-02-14,1854.0,22220.8046875
2023-02-15,1834.199951171875,24307.841796875
2023-02-16,1842.0,23623.474609375
2023-02-17,1840.4000244140625,24565.6015625
2023-02-20,1840.4000244140625,24829.1484375
2023-02-21,1833.0,24436.353515625
2023-02-22,1832.0,24188.84375
2023-02-23,1818.0,23947.4921875
2023-02-24,1808.800048828125,23198.126953125
2023-02-27,1817.0,23522.87109375
2023-02-28,1828.9000244140625,23147.353515625
2023-03-01,1837.699951171875,23646.55078125
2023-03-02,1833.5,23475.466796875
2023-03-03,1847.699951171875,22362.6796875
2023-03-06,1847.9000244140625,22429.7578125
2023-03-07,1813.9000244140625,22219.76953125
2023-03-08,1812.699951171875,21718.080078125
2023-03-09,1829.300048828125,20363.021484375
2023-03-10,1862.0,20187.244140625
2023-03-13,1911.699951171875,24197.533203125
2023-03-14,1906.199951171875,24746.07421875
2023-03-15,1926.5999755859375,24375.9609375
2023-03-16,1919.0,25052.7890625
2023-03-17,1969.800048828125,27423.9296875
2023-03-20,1979.199951171875,27767.236328125
2023-03-21,1938.0,28175.81640625
2023-03-22,1946.800048828125,27307.4375
2023-03-23,1993.800048828125,28333.97265625
2023-03-24,1982.0999755859375,27493.28515625
2023-03-27,1952.4000244140625,27139.888671875
2023-03-28,1972.4000244140625,27268.130859375
2023-03-29,1966.0999755859375,28348.44140625
2023-03-30,1980.300048828125,28033.5625
2023-03-31,1969.0,28478.484375
2023-04-03,1983.9000244140625,27790.220703125
2023-04-04,2022.199951171875,28168.08984375
2023-04-05,2020.9000244140625,28177.984375
2023-04-06,2011.9000244140625,28044.140625
2023-04-07,2011.9000244140625,27925.859375
2023-04-10,1989.0999755859375,29652.98046875
2023-04-11,2004.800048828125,30235.05859375
2023-04-12,2010.9000244140625,30139.052734375
2023-04-13,2041.300048828125,30399.06640625
2023-04-14,2002.199951171875,30485.69921875
2023-04-17,1994.199951171875,29445.044921875
2023-04-18,2007.4000244140625,30397.552734375
2023-04-19,1995.199951171875,28822.6796875
2023-04-20,2007.5999755859375,28245.98828125
2023-04-21,1979.5,27276.91015625
2023-04-24,1989.0999755859375,27525.33984375
2023-04-25,1994.0,28307.59765625
2023-04-26,1985.699951171875,28422.701171875
2023-04-27,1989.9000244140625,29473.787109375
2023-04-28,1990.0999755859375,29340.26171875
2023-05-01,1983.4000244140625,28091.568359375
2023-05-02,2014.300048828125,28680.537109375
2023-05-03,2028.5999755859375,29006.30859375
2023-05-04,2048.0,28847.7109375
2023-05-05,2017.4000244140625,29534.384765625
2023-05-08,2026.300048828125,27694.2734375
2023-05-09,2036.199951171875,27658.775390625
2023-05-10,2030.5,27621.755859375
2023-05-11,2014.699951171875,27000.7890625
2023-05-12,2014.5,26804.990234375
2023-05-15,2018.0,27192.693359375
2023-05-16,1988.4000244140625,27036.650390625
2023-05-17,1980.699951171875,27398.802734375
2023-05-18,1956.5,26832.208984375
2023-05-19,1978.699951171875,26890.12890625
2023-05-22,1974.800048828125,26851.27734375
2023-05-23,1972.4000244140625,27225.7265625
2023-05-24,1962.800048828125,26334.818359375
2023-05-25,1943.0999755859375,26476.20703125
2023-05-26,1944.0999755859375,26719.291015625
2023-05-29,1944.0999755859375,27745.884765625
2023-05-30,1958.0,27702.349609375
2023-05-31,1963.9000244140625,27219.658203125
2023-06-01,1978.0,26819.97265625
2023-06-02,1952.4000244140625,27249.58984375
2023-06-05,1958.0,25760.09765625
2023-06-06,1965.5,27238.783203125
2023-06-07,1942.699951171875,26345.998046875
2023-06-08,1963.5999755859375,26508.216796875
2023-06-09,1962.199951171875,26480.375
2023-06-12,1955.300048828125,25902.5
2023-06-13,1944.5999755859375,25918.728515625
2023-06-14,1955.300048828125,25124.67578125
2023-06-15,1957.800048828125,25576.39453125
2023-06-16,1958.4000244140625,26327.462890625
2023-06-19,1958.4000244140625,26851.029296875
2023-06-20,1935.5,28327.48828125
2023-06-21,1933.300048828125,30027.296875
2023-06-22,1912.699951171875,29912.28125
2023-06-23,1919.0999755859375,30695.46875
2023-06-26,1923.699951171875,30271.130859375
2023-06-27,1914.0,30688.1640625
2023-06-28,1912.300048828125,30086.24609375
2023-06-29,1909.199951171875,30445.3515625
2023-06-30,1921.0999755859375,30477.251953125
2023-07-03,1921.699951171875,31156.439453125
2023-07-04,1921.699951171875,30777.58203125
2023-07-05,1919.5999755859375,30514.166015625
2023-07-06,1908.699951171875,29909.337890625
2023-07-07,1926.199951171875,30342.265625
2023-07-10,1925.0,30414.470703125
2023-07-11,1931.300048828125,30620.951171875
2023-07-12,1956.199951171875,30391.646484375
2023-07-13,1959.199951171875,31476.048828125
2023-07-14,1960.0999755859375,30334.068359375
2023-07-17,1952.4000244140625,30145.888671875
2023-07-18,1977.199951171875,29856.5625
2023-07-19,1977.5,29913.923828125
2023-07-20,1968.300048828125,29792.015625
2023-07-21,1964.300048828125,29908.744140625
2023-07-24,1960.300048828125,29176.916015625
2023-07-25,1962.0999755859375,29227.390625
2023-07-26,1968.9000244140625,29354.97265625
2023-07-27,1945.4000244140625,29210.689453125
2023-07-28,1960.4000244140625,29319.24609375
2023-07-31,1970.5,29230.111328125
2023-08-01,1940.699951171875,29675.732421875
2023-08-02,1937.4000244140625,29151.958984375
2023-08-03,1932.0,29178.6796875
2023-08-04,1939.5999755859375,29074.091796875
2023-08-07,1933.5,29180.578125
2023-08-08,1924.0999755859375,29765.4921875
2023-08-09,1915.4000244140625,29561.494140625
2023-08-10,1914.4000244140625,29429.591796875
2023-08-11,1912.9000244140625,29397.71484375
2023-08-14,1910.5999755859375,29408.443359375
2023-08-15,1902.5,29170.34765625
2023-08-16,1896.0999755859375,28701.779296875
2023-08-17,1884.0999755859375,26664.55078125
2023-08-18,1886.0999755859375,26049.556640625
2023-08-21,1893.300048828125,26124.140625
2023-08-22,1896.4000244140625,26031.65625
2023-08-23,1918.5,26431.640625
2023-08-24,1918.199951171875,26162.373046875
2023-08-25,1911.0999755859375,26047.66796875
2023-08-28,1917.9000244140625,26106.150390625
2023-08-29,1936.5,27727.392578125
2023-08-30,1944.300048828125,27297.265625
2023-08-31,1938.199951171875,25931.47265625
2023-09-01,1939.800048828125,25800.724609375
2023-09-04,1939.800048828125,25812.416015625
2023-09-05,1926.199951171875,25779.982421875
2023-09-06,1918.0999755859375,25753.236328125
2023-09-07,1917.5,26240.1953125
2023-09-08,1918.4000244140625,25905.654296875
2023-09-11,1923.300048828125,25162.654296875
2023-09-12,1911.300048828125,25833.34375
2023-09-13,1909.0999755859375,26228.32421875
2023-09-14,1910.0,26539.673828125
2023-09-15,1923.699951171875,26608.693359375
2023-09-18,1931.5,26754.28125
2023-09-19,1932.0,27211.1171875
2023-09-20,1945.5999755859375,27132.0078125
2023-09-21,1919.199951171875,26567.6328125
2023-09-22,1925.4000244140625,26579.568359375
2023-09-25,1916.5999755859375,26298.48046875
2023-09-26,1900.4000244140625,26217.25
2023-09-27,1871.5999755859375,26352.716796875
2023-09-28,1860.4000244140625,27021.546875
2023-09-29,1848.0999755859375,26911.720703125
2023-10-02,1830.0,27530.78515625
2023-10-03,1824.5999755859375,27429.978515625
2023-10-04,1818.5,27799.39453125
2023-10-05,1816.5999755859375,27415.912109375
2023-10-06,1830.199951171875,27946.59765625
2023-10-09,1849.5,27583.677734375
2023-10-10,1861.0,27391.01953125
2023-10-11,1872.800048828125,26873.3203125
2023-10-12,1869.300048828125,26756.798828125
2023-10-13,1927.4000244140625,26862.375
2023-10-16,1921.0999755859375,28519.466796875
2023-10-17,1922.699951171875,28415.748046875
2023-10-18,1955.300048828125,28328.341796875
2023-10-19,1968.4000244140625,28719.806640625
2023-10-20,1982.5,29682.94921875
2023-10-23,1976.300048828125,33086.234375
2023-10-24,1975.0,33901.52734375
2023-10-25,1984.0999755859375,34502.8203125
2023-10-26,1987.199951171875,34156.6484375
2023-10-27,1988.5999755859375,33909.80078125
2023-10-30,1996.199951171875,34502.36328125
2023-10-31,1985.199951171875,34667.78125
2023-11-01,1978.800048828125,35437.25390625
2023-11-02,1985.5999755859375,34938.2421875
2023-11-03,1991.5,34732.32421875
2023-11-06,1981.5999755859375,35037.37109375
2023-11-07,1966.800048828125,35443.5625
2023-11-08,1951.5,35655.27734375
2023-11-09,1964.199951171875,36693.125
2023-11-10,1932.5999755859375,37313.96875
2023-11-13,1945.5,36502.35546875
2023-11-14,1961.800048828125,35537.640625
2023-11-15,1960.0999755859375,37880.58203125
2023-11-16,1983.9000244140625,36154.76953125
2023-11-17,1981.5999755859375,36596.68359375
2023-11-20,1977.699951171875,37476.95703125
2023-11-21,1999.300048828125,35813.8125
2023-11-22,1991.4000244140625,37432.33984375
2023-11-23,1991.4000244140625,37289.62109375
2023-11-24,2002.199951171875,37720.28125
2023-11-27,2011.800048828125,37254.16796875
2023-11-28,2039.699951171875,37831.0859375
2023-11-29,2047.0999755859375,37858.4921875
2023-11-30,2038.0999755859375,37712.74609375
2023-12-01,2071.0,38688.75
2023-12-04,2024.0999755859375,41980.09765625
2023-12-05,2018.5,44080.6484375
2023-12-06,2030.5,43746.4453125
2023-12-07,2029.9000244140625,43292.6640625
2023-12-08,1998.300048828125,44166.6015625
2023-12-11,1978.0,41243.83203125
2023-12-12,1977.800048828125,41450.22265625
2023-12-13,1982.300048828125,42890.7421875
2023-12-14,2030.199951171875,43023.97265625
2023-12-15,2021.0999755859375,41929.7578125
2023-12-18,2026.300048828125,42623.5390625
2023-12-19,2038.4000244140625,42270.52734375
2023-12-20,2034.5,43652.25
2023-12-21,2039.0999755859375,43869.15234375
2023-12-22,2057.10009765625,43997.90234375
2023-12-25,2057.10009765625,43613.140625
2023-12-26,2058.199951171875,42520.40234375
2023-12-27,2081.89990234375,43442.85546875
2023-12-28,2073.89990234375,42627.85546875
2023-12-29,2062.39990234375,42099.40234375
2024-01-01,2062.39990234375,44167.33203125
2024-01-02,2064.39990234375,44957.96875
2024-01-03,2034.199951171875,42848.17578125
2024-01-04,2042.300048828125,44179.921875
2024-01-05,2042.4000244140625,44162.69140625
2024-01-08,2026.5999755859375,46970.50390625
2024-01-09,2026.4000244140625,46139.73046875
2024-01-10,2021.699951171875,46627.77734375
2024-01-11,2014.300048828125,46368.5859375
2024-01-12,2046.699951171875,42853.16796875
2024-01-15,2046.699951171875,42511.96875
2024-01-16,2026.0,43154.9453125
2024-01-17,2002.5999755859375,42742.65234375
2024-01-18,2018.5999755859375,41262.05859375
2024-01-19,2026.5,41618.40625
2024-01-22,2019.800048828125,39507.3671875
2024-01-23,2023.699951171875,39845.55078125
2024-01-24,2013.9000244140625,40077.07421875
2024-01-25,2016.9000244140625,39933.80859375
2024-01-26,2016.800048828125,41816.87109375
2024-01-29,2025.199951171875,43288.24609375
2024-01-30,2031.5,42952.609375
2024-01-31,2048.39990234375,42582.60546875
2024-02-01,2053.0,43075.7734375
2024-02-02,2036.0999755859375,43185.859375
2024-02-05,2025.699951171875,42658.66796875
2024-02-06,2034.5,43084.671875
2024-02-07,2035.199951171875,44318.22265625
2024-02-08,2032.199951171875,45301.56640625
2024-02-09,2023.300048828125,47147.19921875
2024-02-12,2018.199951171875,49958.22265625
2024-02-13,1992.9000244140625,49742.44140625
2024-02-14,1990.300048828125,51826.6953125
2024-02-15,2002.0999755859375,51938.5546875
2024-02-16,2011.5,52160.203125
2024-02-19,2011.5,51779.14453125
2024-02-20,2027.5,52284.875
2024-02-21,2022.300048828125,51839.1796875
2024-02-22,2019.699951171875,51304.97265625
2024-02-23,2038.5999755859375,50731.94921875
2024-02-26,2028.5,54522.40234375
2024-02-27,2034.0,57085.37109375
2024-02-28,2033.0,62504.7890625
2024-02-29,2045.699951171875,61198.3828125
2024-03-01,2086.89990234375,62440.6328125
2024-03-04,2117.699951171875,68330.4140625
2024-03-05,2133.5,63801.19921875
2024-03-06,2150.300048828125,66106.8046875
2024-03-07,2158.0,66925.484375
2024-03-08,2178.60009765625,68300.09375
2024-03-11,2182.5,72123.90625
2024-03-12,2160.39990234375,71481.2890625
2024-03-13,2175.39990234375,73083.5
2024-03-14,2163.0,71396.59375
2024-03-15,2157.300048828125,69403.7734375
2024-03-18,2160.699951171875,67548.59375
2024-03-19,2156.300048828125,61912.7734375
2024-03-20,2157.89990234375,67913.671875
2024-03-21,2182.39990234375,65491.390625
2024-03-22,2158.10009765625,63778.76171875
2024-03-25,2174.800048828125,69958.8125
2024-03-26,2175.60009765625,69987.8359375
2024-03-27,2190.60009765625,69455.34375
2024-03-28,2217.39990234375,70744.953125
2024-03-29,2217.39990234375,69892.828125
2024-04-01,2236.5,69702.1484375
2024-04-02,2261.0,65446.97265625
2024-04-03,2294.39990234375,65980.8125
2024-04-04,2288.800048828125,68508.84375
2024-04-05,2325.699951171875,67837.640625
2024-04-08,2331.699951171875,71631.359375
2024-04-09,2343.5,69139.015625
2024-04-10,2329.60009765625,70587.8828125
2024-04-11,2354.800048828125,70060.609375
2024-04-12,2356.199951171875,67195.8671875
2024-04-15,2365.800048828125,63426.2109375
2024-04-16,2390.800048828125,63811.86328125
2024-04-17,2371.699951171875,61276.69140625
2024-04-18,2382.300048828125,63512.75390625
2024-04-19,2398.39990234375,63843.5703125
2024-04-22,2332.199951171875,66837.6796875
2024-04-23,2327.699951171875,66407.2734375
2024-04-24,2324.5,64276.8984375
2024-04-25,2329.800048828125,64481.70703125
2024-04-26,2334.800048828125,63755.3203125
2024-04-29,2345.39990234375,63841.12109375
2024-04-30,2291.39990234375,60636.85546875
2024-05-01,2299.89990234375,58254.01171875
2024-05-02,2299.199951171875,59123.43359375
2024-05-03,2299.0,62889.8359375
2024-05-06,2321.60009765625,63161.94921875
2024-05-07,2315.199951171875,62334.81640625
2024-05-08,2313.60009765625,61187.94140625
2024-05-09,2332.10009765625,63049.9609375
2024-05-10,2367.300048828125,60792.77734375
2024-05-13,2336.10009765625,62901.44921875
2024-05-14,2353.39990234375,61552.7890625
2024-05-15,2388.699951171875,66267.4921875
2024-05-16,2380.0,65231.58203125
2024-05-17,2412.199951171875,67051.875
2024-05-20,2433.89990234375,71448.1953125
2024-05-21,2421.699951171875,70136.53125
2024-05-22,2389.199951171875,69122.3359375
2024-05-23,2335.0,67929.5625
2024-05-24,2332.5,68526.1015625
2024-05-27,2332.5,69394.5546875
2024-05-28,2355.199951171875,68296.21875
2024-05-29,2340.300048828125,67578.09375
2024-05-30,2342.89990234375,68364.9921875
2024-05-31,2322.89990234375,67491.4140625
2024-06-03,2346.60009765625,68804.78125
2024-06-04,2325.5,70567.765625
2024-06-05,2354.10009765625,71082.8203125
2024-06-06,2370.300048828125,70757.1640625
2024-06-07,2305.199951171875,69342.5859375
2024-06-10,2307.699951171875,69512.28125
2024-06-11,2307.5,67332.03125
2024-06-12,2336.0,68241.1875
2024-06-13,2300.199951171875,66756.3984375
2024-06-14,2331.39990234375,66011.09375
2024-06-17,2312.39990234375,66490.296875
2024-06-18,2330.39990234375,65140.74609375
2024-06-19,2330.39990234375,64960.296875
2024-06-20,2353.800048828125,64828.65625
2024-06-21,2316.39990234375,64096.19921875
2024-06-24,2330.0,60277.4140625
2024-06-25,2316.60009765625,61804.640625
2024-06-26,2299.199951171875,60811.27734375
2024-06-27,2324.5,61604.80078125
2024-06-28,2327.699951171875,60320.13671875
2024-07-01,2327.60009765625,62851.98046875
2024-07-02,2323.0,62029.015625
2024-07-03,2359.800048828125,60173.921875
2024-07-04,2359.800048828125,56977.703125
2024-07-05,2388.5,56662.375
2024-07-08,2355.199951171875,56705.09765625
2024-07-09,2360.10009765625,58009.2265625
2024-07-10,2372.199951171875,57742.49609375
2024-07-11,2415.0,57344.9140625
2024-07-12,2414.0,57899.46484375
2024-07-15,2422.89990234375,64870.15234375
2024-07-16,2462.39990234375,65097.1484375
2024-07-17,2454.800048828125,64118.79296875
2024-07-18,2451.800048828125,63974.06640625
2024-07-19,2395.5,66710.15625
2024-07-22,2392.0,67585.25
2024-07-23,2404.60009765625,65927.671875
2024-07-24,2413.300048828125,65372.1328125
2024-07-25,2351.89990234375,65777.2265625
2024-07-26,2380.0,67912.0625
2024-07-29,2377.300048828125,66819.9140625
2024-07-30,2405.0,66201.015625
2024-07-31,2426.5,64619.25
2024-08-01,2435.0,65357.5
2024-08-02,2425.699951171875,61415.06640625
2024-08-05,2401.699951171875,53991.45703125
2024-08-06,2389.10009765625,56034.31640625
2024-08-07,2390.5,55027.4609375
2024-08-08,2422.199951171875,61710.13671875
2024-08-09,2432.10009765625,60880.11328125
2024-08-12,2462.39990234375,59354.515625
2024-08-13,2466.699951171875,60609.56640625
2024-08-14,2439.39990234375,58737.26953125
2024-08-15,2453.10009765625,57560.09765625
2024-08-16,2498.60009765625,58894.10546875
2024-08-19,2501.800048828125,59493.453125
2024-08-20,2511.300048828125,59012.79296875
2024-08-21,2508.39990234375,61175.19140625
2024-08-22,2478.89990234375,60381.9140625
2024-08-23,2508.39990234375,64094.35546875
2024-08-26,2517.699951171875,62880.66015625
2024-08-27,2516.0,59504.1328125
2024-08-28,2501.0,59027.625
2024-08-29,2525.699951171875,59388.1796875
2024-08-30,2493.800048828125,59119.4765625
2024-09-02,2493.800048828125,59112.48046875
2024-09-03,2489.89990234375,57431.0234375
2024-09-04,2493.39990234375,57971.5390625
2024-09-05,2511.39990234375,56160.48828125
2024-09-06,2493.5,53948.75390625
2024-09-09,2501.800048828125,57019.53515625
2024-09-10,2512.300048828125,57648.7109375
2024-09-11,2512.10009765625,57343.171875
2024-09-12,2551.199951171875,58127.01171875
2024-09-13,2581.300048828125,60571.30078125
2024-09-16,2580.39990234375,58192.5078125
2024-09-17,2564.300048828125,60308.5390625
2024-09-18,2570.699951171875,61649.6796875
2024-09-19,2588.0,62940.45703125
2024-09-20,2619.89990234375,63192.9765625
2024-09-23,2626.5,63329.80078125
2024-09-24,2651.199951171875,64301.96875
2024-09-25,2659.199951171875,63143.14453125
2024-09-26,2669.89990234375,65181.01953125
2024-09-27,2644.300048828125,65790.6640625
2024-09-30,2636.10009765625,63329.5
2024-10-01,2667.300048828125,60837.0078125
2024-10-02,2647.10009765625,60632.78515625
2024-10-03,2657.10009765625,60759.40234375
2024-10-04,2645.800048828125,62067.4765625
2024-10-07,2644.800048828125,62236.66015625
2024-10-08,2615.0,62131.96875
2024-10-09,2606.0,60582.1015625
2024-10-10,2620.60009765625,60274.5
2024-10-11,2657.60009765625,62445.08984375
2024-10-14,2647.800048828125,66046.125
2024-10-15,2661.39990234375,67041.109375
2024-10-16,2674.0,67612.71875
2024-10-17,2691.0,67399.8359375
2024-10-18,2713.699951171875,68418.7890625
2024-10-21,2723.10009765625,67367.8515625
2024-10-22,2744.199951171875,67361.40625
2024-10-23,2714.39990234375,66432.1953125
2024-10-24,2734.89990234375,68161.0546875
2024-10-25,2740.89990234375,66642.4140625
2024-10-28,2742.89990234375,69907.7578125
2024-10-29,2768.39990234375,72720.4921875
2024-10-30,2788.5,72339.5390625
2024-10-31,2738.300048828125,70215.1875
2024-11-01,2738.60009765625,69482.46875
2024-11-04,2736.10009765625,67811.5078125
2024-11-05,2740.300048828125,69359.5625
2024-11-06,2667.60009765625,75639.078125
2024-11-07,2698.39990234375,75904.859375
2024-11-08,2687.5,76545.4765625
2024-11-11,2611.199951171875,88701.484375
2024-11-12,2600.0,87955.8125
2024-11-13,2580.800048828125,90584.1640625
2024-11-14,2568.199951171875,87250.4296875
2024-11-15,2565.699951171875,91066.0078125
2024-11-18,2610.60009765625,90542.640625
2024-11-19,2627.10009765625,92343.7890625
2024-11-20,2648.199951171875,94339.4921875
2024-11-21,2672.10009765625,98504.7265625
2024-11-22,2709.89990234375,98997.6640625
2024-11-25,2616.800048828125,93102.296875
2024-11-26,2620.300048828125,91985.3203125
2024-11-27,2639.89990234375,95962.53125
2024-11-28,2639.89990234375,95652.46875
2024-11-29,2657.0,97461.5234375
2024-12-02,2634.89990234375,95865.3046875
2024-12-03,2644.699951171875,96002.1640625
2024-12-04,2653.800048828125,98768.53125
2024-12-05,2626.60009765625,96593.5703125
2024-12-06,2638.60009765625,99920.7109375
2024-12-09,2664.89990234375,97432.71875
2024-12-10,2697.60009765625,96675.4296875
2024-12-11,2733.800048828125,101173.03125
2024-12-12,2687.5,100043.0
2024-12-13,2656.0,101459.2578125
2024-12-16,2651.39990234375,106029.71875
2024-12-17,2644.39990234375,106140.6015625
2024-12-18,2636.5,100041.5390625
2024-12-19,2592.199951171875,97490.953125
2024-12-20,2628.699951171875,97755.9296875
2024-12-23,2612.300048828125,94686.2421875
2024-12-24,2620.0,98676.09375
2024-12-25,2620.0,99299.1953125
2024-12-26,2638.800048828125,95795.515625
2024-12-27,2617.199951171875,94164.859375
2024-12-30,2606.10009765625,92643.2109375
2024-12-31,2629.199951171875,93429.203125
2025-01-01,2629.199951171875,93429.203125
