Date,QMI_SPX_GOLD,QMI_SPX_BTC,QMI_GOLD_BTC
2022-06-30,0.030541404995755972,0.056520517981380025,0.00034882944478142885
2022-07-01,0.033082254959524215,0.060474098127297204,5.927748376244324e-05
2022-07-04,0.03576134775333828,0.06598429078642254,1.3514251836488356e-05
2022-07-05,0.03888649613185591,0.07192472381027226,0.0002217550331609086
2022-07-06,0.04320027054017983,0.07916943792392062,0.0007661830313859808
2022-07-07,0.04760118029862359,0.0872184419523151,0.0016843439975107177
2022-07-08,0.05087586808230515,0.09598151646789699,0.0028897408173754746
2022-07-11,0.05433233808535243,0.10383958936439397,0.004395037376813016
2022-07-12,0.057667734295616335,0.11039253247017511,0.006102602571558924
2022-07-13,0.06062679838628826,0.11559190969423438,0.007819535900863928
2022-07-14,0.06257286826387753,0.11940836863962745,0.009172459663300159
2022-07-15,0.06324408088741817,0.12272786183181006,0.01015295701698915
2022-07-18,0.06277677813704452,0.1253478609465929,0.010499229922453002
2022-07-19,0.061448695097698236,0.1275795782264335,0.01077339446742831
2022-07-20,0.061043112459263194,0.13049238420406084,0.011452129037780812
2022-07-21,0.06153192160516685,0.13466531484813649,0.013366844261604616
2022-07-22,0.06215326420990486,0.1381400760030661,0.01732997531564695
2022-07-25,0.0644778480189735,0.14227171143110395,0.022910814973266413
2022-07-26,0.06786217821291829,0.14770560952633294,0.030172502329971262
2022-07-27,0.07126638246626893,0.15159999718118145,0.039724920115845275
2022-07-28,0.07839512888450617,0.1579609695409412,0.04903654333313734
2022-07-29,0.08774548518418412,0.16452939098356356,0.05654277090808679
2022-08-01,0.09818564929690365,0.16908934204470327,0.06177558811382233
2022-08-02,0.10698772688041225,0.17126795382890259,0.06521610071998607
2022-08-03,0.11423856692067547,0.1712226639145793,0.06699368105227366
2022-08-04,0.11939381025037532,0.17107031509363602,0.0682704170468933
2022-08-05,0.12253291624799545,0.17120776651717595,0.06928855038930859
2022-08-08,0.12405272171765613,0.17100854710599822,0.0700757982801834
2022-08-09,0.12459252833191914,0.17002014368456253,0.07057564243141878
2022-08-10,0.12485157480303632,0.16746710274750676,0.0709478848292091
2022-08-11,0.12520175677114564,0.16307316414085427,0.07126277042542184
2022-08-12,0.1254724937691447,0.15765060520296315,0.07155073614074714
2022-08-15,0.12410726728534582,0.15247315541993467,0.07149145445576888
2022-08-16,0.12168118482150658,0.1465829289670273,0.07158075205342207
2022-08-17,0.11765405900653925,0.14045975124799426,0.07178655220511754
2022-08-18,0.11323401789857224,0.13413783555015446,0.07233553336205434
2022-08-19,0.1075897388539816,0.1285774183562567,0.07277161449526282
2022-08-22,0.10156952794985641,0.12177453003986327,0.07428510325619375
2022-08-23,0.09554667581015752,0.11487206371478265,0.0766207705576174
2022-08-24,0.08929654635420048,0.10856888715436641,0.07987902138730807
2022-08-25,0.08337676258805415,0.10250625362952637,0.08327578856871132
2022-08-26,0.0780253558307884,0.096195858512782,0.08618591048171287
2022-08-29,0.07381609472634398,0.09083394288558866,0.08858017606460777
2022-08-30,0.07017946310354994,0.08673648884733909,0.09045765164858388
2022-08-31,0.06738174306010836,0.08357724912077069,0.09156722911744164
2022-09-01,0.06511766612873349,0.08101295200709457,0.09187245850382808
2022-09-02,0.06335762717540105,0.07956441434692096,0.09162562299157273
2022-09-05,0.06153042648409146,0.07832225784191027,0.09076533790401198
2022-09-06,0.05925692632603863,0.07737223127913506,0.08894151531387007
2022-09-07,0.057351586662159004,0.07678905117462709,0.08579846546562775
2022-09-08,0.05600113024324749,0.0767852318185347,0.0821676862919507
2022-09-09,0.05579083430060772,0.07790363860222627,0.07793358328609479
2022-09-12,0.05643433850854929,0.07985020222923223,0.07355990999526796
2022-09-13,0.0568733851853237,0.08246641221017437,0.06879792539164797
2022-09-14,0.05786120061412059,0.08530399348335571,0.06465894280409301
2022-09-15,0.058500969509846734,0.08835412486877947,0.06057273389911977
2022-09-16,0.05935483505699901,0.09199877895956698,0.05703293240962659
2022-09-19,0.060806134393379674,0.0965039289559746,0.05421915680389833
2022-09-20,0.062037461290374685,0.1012579639881186,0.05190640892789944
2022-09-21,0.06304552647326478,0.10544354471424344,0.05040556349833247
2022-09-22,0.06397890784447569,0.1091741349777906,0.04915320213696539
2022-09-23,0.06485789173176104,0.11220602693873039,0.04846101914423484
2022-09-26,0.06542415502708576,0.11384266062370674,0.0484298668836729
2022-09-27,0.06571945825971603,0.11434148705700076,0.04844135608668165
2022-09-28,0.065404428908854,0.11422239932656408,0.0482326968736011
2022-09-29,0.06418580730054779,0.11388068950052743,0.04744149210661108
2022-09-30,0.06231302642466985,0.11372811094281365,0.04640933283231519
2022-10-03,0.06039850773665889,0.11402691734035342,0.044987371993828074
2022-10-04,0.05791868171715053,0.11533901397884616,0.043139843172836034
2022-10-05,0.05556684694419756,0.11730846229937275,0.04083158334250159
2022-10-06,0.05410211135258436,0.11906178536932344,0.03868104083203283
2022-10-07,0.05404606114107369,0.11981875986139212,0.0375160590983844
2022-10-10,0.05491116171756094,0.11964654329570545,0.03789212429103217
2022-10-11,0.055926731159564924,0.11868894276863351,0.03920374497862822
2022-10-12,0.056717750382224486,0.11757388986242812,0.04117310604794011
2022-10-13,0.05733897201362681,0.11617278701923806,0.04364841712061973
2022-10-14,0.05784855199265426,0.11616703665118311,0.04688418115468529
2022-10-17,0.0584082912607925,0.11783865595901255,0.05064037696582924
2022-10-18,0.05855225428969102,0.12111357501279918,0.05427171689355981
2022-10-19,0.05894011162315593,0.12568807968859042,0.0580044660442387
2022-10-20,0.05940655282103324,0.13086656025290289,0.06164202892053994
2022-10-21,0.05987547525567827,0.13654212740684268,0.06572914126892637
2022-10-24,0.06004653656724901,0.14308823903275636,0.06922516997212302
2022-10-25,0.05965606255175071,0.14975377674527035,0.07200600000280077
2022-10-26,0.05884576619903015,0.15639231115994345,0.0736151971646829
2022-10-27,0.057531389740073324,0.1623607995039551,0.07442027163654807
2022-10-28,0.055751804194557164,0.16700706309785174,0.07425985825589021
2022-10-31,0.05353484971086464,0.1682089426408434,0.07316887612598155
2022-11-01,0.052815836436128194,0.16787864677785003,0.07268602625530984
2022-11-02,0.05396214106823516,0.1676453608444345,0.07478986243108632
2022-11-03,0.058079489215693725,0.16706080196384998,0.08217791267054786
2022-11-04,0.06404952549260212,0.16722080629813452,0.09692462593999973
2022-11-07,0.06927978173916127,0.1689628810502224,0.11405962347300025
2022-11-08,0.07400160179730064,0.17148935169635626,0.13359945203068413
2022-11-09,0.07638647388251185,0.17426795555067998,0.14842253785110437
2022-11-10,0.0775629206052495,0.17767296106510344,0.1596391947782121
2022-11-11,0.07805350333054162,0.18031421520156254,0.16780976107692147
2022-11-14,0.07740067344550239,0.1810491100855185,0.1683999644425821
2022-11-15,0.07312489775229081,0.180138650587215,0.1583879078315078
2022-11-16,0.06797596490172486,0.17750491965958926,0.14225966072053353
2022-11-17,0.06233775029364774,0.17287018942825827,0.12350000782719173
2022-11-18,0.05674186809920445,0.16743119148417662,0.10875608081917609
2022-11-21,0.05177869134708202,0.1614859147044061,0.10004021771251848
2022-11-22,0.046809044612343365,0.1540056285753224,0.09442355201298991
2022-11-23,0.041788573533721785,0.14320838468971397,0.08959876702933067
2022-11-24,0.037107437713152724,0.1298988837819467,0.08259268937393238
2022-11-25,0.033281532238769174,0.11420672155725198,0.07210090235632216
2022-11-28,0.029539307216335464,0.0970208475467208,0.05727820902150993
2022-11-29,0.02599383186355253,0.08117360662082451,0.03985822523519822
2022-11-30,0.022453650627988764,0.06837961607092213,0.02375731822546112
2022-12-01,0.019265879775760553,0.059454886902493675,0.011339007049914751
2022-12-02,0.016643930395233264,0.0546139100544244,0.004195320917901535
2022-12-05,0.01472752982264014,0.053145734393170385,0.001022498052773102
2022-12-06,0.013577329970310359,0.05300626442581047,8.716776197303933e-05
2022-12-07,0.01265289851856266,0.0528949394200634,4.8522927945215955e-05
2022-12-08,0.01159801085912171,0.05218878204191313,0.0004233872312549014
2022-12-09,0.010649304246696079,0.05083570494012335,0.0011919340033108572
2022-12-12,0.009393200125315748,0.04823109618723742,0.0024818925135452474
2022-12-13,0.0076850330769886455,0.04457698226561613,0.004661772988654889
2022-12-14,0.0056816223868290106,0.040700625991197836,0.009173099797052053
2022-12-15,0.0026138485886886276,0.03431943794489434,0.016815878992878175
2022-12-16,0.00022906625650753742,0.027556115144742543,0.02732145297574895
2022-12-19,0.0010000972884126602,0.022407392473240972,0.04005386484969742
2022-12-20,0.005868818569282341,0.019726622190803567,0.052447846118722996
2022-12-21,0.013781448705442179,0.01857831952936473,0.06188913692719766
2022-12-22,0.021805979988028135,0.018375571212668307,0.06895486391826355
2022-12-23,0.028273433835910078,0.018513465562856046,0.07353772485685883
2022-12-26,0.03254314687621829,0.018470977794797006,0.07597626515196698
2022-12-27,0.03474600994768395,0.01827892208662074,0.07680711859894729
2022-12-28,0.035882763237414794,0.0183061779086513,0.07688613303786862
2022-12-29,0.03680507197356764,0.018358430970740303,0.07661898017645641
2022-12-30,0.03794796866160566,0.018113768196710955,0.07583446032860963
2023-01-02,0.03870108558350305,0.01825535385490462,0.07528811477686559
2023-01-03,0.0386448176096843,0.018719982521623435,0.07509752988358176
2023-01-04,0.03773000820273675,0.01961866319614547,0.07521748033982023
2023-01-05,0.03579005601992913,0.02091041366331281,0.07563715272855365
2023-01-06,0.03251087955726728,0.02203290524332402,0.07546079282581575
2023-01-09,0.02777797756305378,0.024676146250568465,0.07759476227203821
2023-01-10,0.021093532661045744,0.028525876546342976,0.08114222746374633
2023-01-11,0.015172792733667229,0.03327738609357922,0.08680620980294651
2023-01-12,0.010962000249989279,0.03913793606289118,0.09800210078378613
2023-01-13,0.00808530120620965,0.04546421740881934,0.11401784074627785
2023-01-16,0.006348200039491658,0.05164072965025479,0.1341532740289897
2023-01-17,0.005281202470307611,0.05717802577830855,0.15447149951486405
2023-01-18,0.00473024964556279,0.06187937590083503,0.1720971678695089
2023-01-19,0.00444740928934384,0.06620810372353214,0.18087563537076523
2023-01-20,0.004235476052990461,0.06820278019336656,0.17957593089311685
2023-01-23,0.0039209531588847435,0.07150615000116989,0.17104580305860084
2023-01-24,0.0033288133276769827,0.07479087462302914,0.15860264512101974
2023-01-25,0.002661410030010969,0.07554118855460779,0.1465384835270791
2023-01-26,0.002282303205410008,0.07409412344010002,0.14087717331446348
2023-01-27,0.0021737084954326358,0.07103712733502843,0.14145116936401236
2023-01-30,0.0022267778538132,0.06776104995106125,0.14628799793323366
2023-01-31,0.0022871705077958104,0.06438055387418629,0.15340814367410405
2023-02-01,0.0023669990067166635,0.06177704858528976,0.1629362235557379
2023-02-02,0.002532706099626303,0.0594469606373661,0.17405752809179897
2023-02-03,0.002550367113598795,0.05662710301577745,0.18570662368520563
2023-02-06,0.0024999906480948075,0.053542234706072556,0.19573337803341317
2023-02-07,0.0025073205541084054,0.05020382783158228,0.2047195921460938
2023-02-08,0.0024658711320664217,0.04656080812765673,0.21123487803510044
2023-02-09,0.002379710970342397,0.04288005319821342,0.21487234336185457
2023-02-10,0.002263609835947644,0.03987789090018934,0.21470618912197192
2023-02-13,0.002217367262713821,0.03707979773675796,0.21283525512634327
2023-02-14,0.0022026657823929208,0.03477167554046501,0.20903412824601575
2023-02-15,0.002227031751764863,0.03388973832568687,0.2058861920737851
2023-02-16,0.002282523662606062,0.034336677610546484,0.20378121569380614
2023-02-17,0.0022748168185260376,0.0349514778880059,0.20293027276505632
2023-02-20,0.0022705244857863516,0.035388176783860414,0.20278033683353064
2023-02-21,0.0022546783338556198,0.035233727810802584,0.20275263864089893
2023-02-22,0.002276884748325214,0.03438198466601361,0.20189515328408247
2023-02-23,0.0024379926155990717,0.03360578151910898,0.1994253726768509
2023-02-24,0.00267356573729971,0.03358623849996378,0.19552571093150595
2023-02-27,0.0029101872876852175,0.03406145040101349,0.18988680599271635
2023-02-28,0.0031703120385917494,0.035017581565065736,0.1832022822785535
2023-03-01,0.0032623754528907645,0.03649194951852386,0.17426565243231973
2023-03-02,0.0031403629713919745,0.03900146203340593,0.16591109772564872
2023-03-03,0.002802508378754842,0.04187752862299077,0.15978011568027295
2023-03-06,0.002394863563647376,0.04448204148185686,0.15532096981632737
2023-03-07,0.0020641977178949,0.04692745736369741,0.1526728711237163
2023-03-08,0.0018334824088961366,0.04879677905521007,0.15132057306196478
2023-03-09,0.001801408259615278,0.049312994842584446,0.15072453669537633
2023-03-10,0.0019024357359984645,0.05002324875952491,0.15015189175043675
2023-03-13,0.002011607027761375,0.05057942829013096,0.14984627319342758
2023-03-14,0.001948459080305387,0.05011737386544424,0.14949342458196513
2023-03-15,0.0016920350996090239,0.04845531500894429,0.14975699319460611
2023-03-16,0.001336613470789505,0.04564676168548698,0.15107663225022605
2023-03-17,0.0010044285517208928,0.0421950837881957,0.15314616163022188
2023-03-20,0.0006610311702760496,0.038153665980823814,0.15664073005485846
2023-03-21,0.00045310714288782084,0.034050439539108246,0.1603281126356596
2023-03-22,0.0003520323283557891,0.029975351645957438,0.16325503269054675
2023-03-23,0.00037417940569617336,0.026681019510419957,0.1673073664968654
2023-03-24,0.0003605780008031356,0.02383025338608724,0.17147128535866174
2023-03-27,0.0003717650474691636,0.021904298351296925,0.17393859104198695
2023-03-28,0.00042826385428984537,0.020960223320893423,0.17428346462485267
2023-03-29,0.00047090627371293436,0.02039265245949584,0.17351565906971433
2023-03-30,0.0005039883321505956,0.01978507567693555,0.1725419659579569
2023-03-31,0.0005138303360031626,0.019832586987474254,0.17179832381120763
2023-04-03,0.0005333271403465956,0.02034096271129482,0.1709887871521648
2023-04-04,0.0005406357979333976,0.020496013112470457,0.1686966882988875
2023-04-05,0.0005612002486565792,0.020520156849777704,0.1657473005399981
2023-04-06,0.0006879079399252364,0.020592552893245464,0.16340332124940782
2023-04-07,0.0008370889671025505,0.02011563654339865,0.16376570137860436
2023-04-10,0.0009038423449880817,0.019270322179826493,0.16646086509463687
2023-04-11,0.0008522510351957058,0.01843082507732685,0.16975100985379799
2023-04-12,0.00079966394775699,0.018374939055707085,0.17270428068276666
2023-04-13,0.0008564458139235231,0.018976162037810607,0.17415383609847923
2023-04-14,0.0009326926954537074,0.01983884478068043,0.17395973274715892
2023-04-17,0.0010741178588012934,0.021360964431775042,0.17221450503853553
2023-04-18,0.0011775105994048518,0.02284392399089691,0.16899955236663267
2023-04-19,0.0010014407411854664,0.023416129589731383,0.1646372440952848
2023-04-20,0.0006018239338788645,0.021889773184744388,0.16029782495314704
2023-04-21,0.00016120562273980177,0.019151419489544685,0.15614896174878545
2023-04-24,1.1070740220553432e-05,0.015148637380820285,0.15211023069434182
2023-04-25,0.0003965854823263504,0.011443889862474244,0.14819306606095206
2023-04-26,0.0011937787358009544,0.008298129506117857,0.14470017599563767
2023-04-27,0.0022894718926860236,0.0061137324917326374,0.14124539482526777
2023-04-28,0.0032054933941668695,0.004912510157180416,0.13909466977767182
2023-05-01,0.0037046091775718715,0.004392375515580138,0.13781011096510487
2023-05-02,0.004164168125743051,0.004116859632077308,0.13717048807701016
2023-05-03,0.004426222543061797,0.0040488404011842505,0.13696218876963484
2023-05-04,0.004565240669183401,0.0040003048920225215,0.1360228749596244
2023-05-05,0.004809867923330824,0.0036171855669001607,0.13390955376948366
2023-05-08,0.00463137752688636,0.0028333198078249744,0.1297062670997584
2023-05-09,0.003906574617161929,0.0020616730366517233,0.1256227697700869
2023-05-10,0.0027468796579718235,0.00149213488093336,0.12218740030796682
2023-05-11,0.0014493917851884364,0.001075131081237024,0.12070905246232477
2023-05-12,0.0006111442519773913,0.0007933392900960623,0.11947937033937472
2023-05-15,0.00022261981323667968,0.0007054069849671274,0.11944209412224738
2023-05-16,2.4842700182770017e-05,0.0007909990401913092,0.11995378520021749
2023-05-17,1.948492763426124e-05,0.0009782776908471291,0.12074538320092554
2023-05-18,0.0001539277831114072,0.001233708282049717,0.12127928904920426
2023-05-19,0.0004068402032813001,0.0014024210733675213,0.12077433877447707
2023-05-22,0.0007111272026139037,0.001678268153974427,0.12020514109019231
2023-05-23,0.0010007460375585087,0.002113384147172437,0.11964868291343644
2023-05-24,0.0012144525311512666,0.0026073090708259583,0.11906986625439742
2023-05-25,0.0014868104486456257,0.0032644549789765387,0.11828247124724822
2023-05-26,0.0018225209076122573,0.0038833287103773317,0.11753424187676531
2023-05-29,0.0021803979847614396,0.0044136540357315734,0.11642290815878775
2023-05-30,0.002866580136577146,0.004895455034196861,0.11615438613468898
2023-05-31,0.0035700727343747074,0.0051037539362868145,0.11683920457109442
2023-06-01,0.0038764353933282703,0.005287573668560475,0.1158712911338644
2023-06-02,0.004052425363623158,0.005638957447391624,0.11297822012960568
2023-06-05,0.004181549665066342,0.006119539660421891,0.1083932108700354
2023-06-06,0.003985385311439993,0.006678042996371647,0.10251851097638631
2023-06-07,0.0037359857150381925,0.00721651650470756,0.0965887833659258
2023-06-08,0.0033800791389837492,0.007557533654002246,0.09209776521957824
2023-06-09,0.003085045306452261,0.007973192470664081,0.08974486417771987
2023-06-12,0.0027894429461658987,0.007617261421771104,0.09001348975156309
2023-06-13,0.0026941931120190166,0.006902282931584791,0.09165964197633858
2023-06-14,0.002722400051812013,0.006721434704241247,0.09327184292054158
2023-06-15,0.0026744715549975595,0.006966120702133871,0.09170967079525427
2023-06-16,0.002434276790337586,0.007086956168255498,0.08646747921922127
2023-06-19,0.002047725186860694,0.006713648294965013,0.08048553824374471
2023-06-20,0.001548876646666475,0.005584185625511107,0.0745900403384876
2023-06-21,0.0009720819371776823,0.003864627617521821,0.06859518611186144
2023-06-22,0.0003701971087627376,0.0018601046295921853,0.06333113114297917
2023-06-23,2.178872306202173e-05,0.00044442819900236685,0.05990841869583907
2023-06-26,0.0001760248928062147,1.3136146082115552e-05,0.05818124465861829
2023-06-27,0.0012570843018626654,0.0009876172929543792,0.05735700339237426
2023-06-28,0.0034788712031281754,0.0030860495245731423,0.056691459547143164
2023-06-29,0.006529227453136333,0.006124924992231939,0.05580796902620477
2023-06-30,0.010147603070160272,0.009178614613184255,0.055590068567475504
2023-07-03,0.014260489117168929,0.01132872867891399,0.05472906217662388
2023-07-04,0.01751384694211533,0.012047882550265454,0.05336008632745637
2023-07-05,0.0202058190468819,0.012022506065100025,0.05078952967654993
2023-07-06,0.022115303670451447,0.011275804701551095,0.04777669634937154
2023-07-07,0.023252187054363604,0.00975858304823829,0.044565142020762005
2023-07-10,0.023742396684681477,0.008232637548136745,0.04227123997089288
2023-07-11,0.023890444342721584,0.006739097887660472,0.04104807895202345
2023-07-12,0.0238624626991063,0.005310925572738712,0.041110551575699095
2023-07-13,0.024125267264147654,0.004232005410969242,0.042287375418075146
2023-07-14,0.024622447117291113,0.003677575272411082,0.044673104218362125
2023-07-17,0.025583491489735044,0.0035563280757868743,0.048970959554094584
2023-07-18,0.02705409678996329,0.0037784098236079977,0.0545960803881933
2023-07-19,0.028632623439564187,0.00435001822469272,0.062341463756236504
2023-07-20,0.02989198298257556,0.005286867526375638,0.07033441285739961
2023-07-21,0.030152734888315047,0.006281654926567515,0.07666029015741693
2023-07-24,0.029625046545842526,0.00685891618380341,0.08173003033583481
2023-07-25,0.029153401877015317,0.007112137875553648,0.08590324432481544
2023-07-26,0.028210950772119214,0.007160523244749251,0.08843493764803823
2023-07-27,0.027700598766389084,0.007297167576590491,0.08934583633657556
2023-07-28,0.027576077803845078,0.0076568996331009,0.0891580731134729
2023-07-31,0.027150580987385764,0.008282381304477338,0.08617980068818754
2023-08-01,0.025951825160851483,0.009195300419313712,0.08083158641929955
2023-08-02,0.0243259718368547,0.010015625387383431,0.07515095729118926
2023-08-03,0.022109415341805994,0.010803540873816742,0.06891800784594804
2023-08-04,0.019815666243149455,0.011441828235016827,0.06393732778698924
2023-08-07,0.017309302305602126,0.011818761506662612,0.05952120880295164
2023-08-08,0.01523737901290001,0.011877700649312595,0.05694207125471773
2023-08-09,0.013601883300643824,0.011860596694191927,0.05558312066155224
2023-08-10,0.012400081202019853,0.011675173203003597,0.05460700015197839
2023-08-11,0.011526647374711874,0.011318978148784686,0.0536579347248376
2023-08-14,0.011290738792561927,0.010982529797055274,0.053014262811506896
2023-08-15,0.011338453546221872,0.010638404292128145,0.053225497494521545
2023-08-16,0.011492725844866936,0.01027616034960499,0.05348369754553273
2023-08-17,0.011544484205993633,0.00982467129626552,0.05355798443645665
2023-08-18,0.01132038628772758,0.00946849048901277,0.053098845349524915
2023-08-21,0.01092140198554703,0.008973427391633093,0.05183563933270896
2023-08-22,0.010474433306268516,0.008200333161366258,0.04910191947493836
2023-08-23,0.009998933804513221,0.007374137080999987,0.04448496529984647
2023-08-24,0.009491272332751044,0.006445387280786363,0.03768709792407887
2023-08-25,0.008831615319245367,0.005540103572426736,0.029096637970215777
2023-08-28,0.008051624243284206,0.00497176915676345,0.019993047031866995
2023-08-29,0.007120801183887582,0.004846058072053738,0.013478278601004146
2023-08-30,0.006464501845024784,0.005184196837017874,0.008981359005469924
2023-08-31,0.006049724778648957,0.005779419933495067,0.006420696410538218
2023-09-01,0.005610485553458333,0.0061516172018810655,0.005255777292123565
2023-09-04,0.005213971614552726,0.006497105959747396,0.005079229293167398
2023-09-05,0.004711907136238036,0.006562840715673812,0.0057762791012444525
2023-09-06,0.00415231896241397,0.006542732958390696,0.007074054153867304
2023-09-07,0.003299675455268103,0.00561781059961497,0.008800982723983442
2023-09-08,0.002463114182078674,0.0045520611363075725,0.01054888592583747
2023-09-11,0.0015469692708642846,0.0031726777365364,0.012413238250958969
2023-09-12,0.0007427167522836564,0.001901131324241967,0.01424515581888608
2023-09-13,0.0002519589372067532,0.0009116159582632788,0.015782284178062045
2023-09-14,1.7518504561442327e-05,0.0003291509347240762,0.017588280876192797
2023-09-15,3.648470383676994e-05,6.0784473673636263e-05,0.019284610718253492
2023-09-18,0.0001612742785583876,1.2967051655765616e-06,0.020838760899288933
2023-09-19,0.0003741626739623971,7.722540924515187e-06,0.021985077285216592
2023-09-20,0.0005891275102485327,2.012077718271943e-05,0.02268649963914271
2023-09-21,0.0007220309067514918,1.87106437076201e-05,0.023156623313104863
2023-09-22,0.0007155799226032933,1.4633305228217708e-05,0.02354229686667142
2023-09-25,0.0005049075170813211,1.4017802620336361e-05,0.024172804113339885
2023-09-26,0.00020969707657436665,1.5523427047248184e-05,0.025015809294750557
2023-09-27,5.479921754369954e-06,3.6198996509972936e-05,0.02666347853202511
2023-09-28,0.00015310670746848665,7.058524321479354e-05,0.02863405248283657
2023-09-29,0.0006589691791467622,0.00012145076064107307,0.030820440947140204
2023-10-02,0.001085091376301195,0.00015653209268207124,0.032123641025381566
2023-10-03,0.0014341634713708196,0.00015683614469996776,0.03260326099077138
2023-10-04,0.0019944097600466115,0.0001206825997062122,0.03246810164002312
2023-10-05,0.0027084402281906117,8.402876154134375e-05,0.032366345644649464
2023-10-06,0.004162189987142129,9.030610460514232e-05,0.032860642359183734
2023-10-09,0.006325360747693187,8.425349101925939e-05,0.03269712978546502
2023-10-10,0.008914063715138476,4.3107042218548663e-05,0.03276653434512167
2023-10-11,0.011269315680880743,1.3913447587832195e-05,0.03260191231318288
2023-10-12,0.013692499903190658,3.123073896160733e-07,0.032678406056524056
2023-10-13,0.015468547511389263,1.9886153272197227e-05,0.03290820523383886
2023-10-16,0.015926995320627357,5.058156500714617e-05,0.033009732532505054
2023-10-17,0.014767668268368617,0.00011284579593562327,0.03220635248760506
2023-10-18,0.012436384838643733,0.00018199670577734306,0.030323520111080526
2023-10-19,0.009508694289007136,0.00019097737314488494,0.02835523278095231
2023-10-20,0.007117972528489225,0.000160798997539624,0.026670557278860474
2023-10-23,0.005422983777064627,0.0001188142840198303,0.024695197335052876
2023-10-24,0.004003629470910597,9.93633002390748e-05,0.02218339981367823
2023-10-25,0.0030216238410080143,6.864188734212462e-05,0.01949520727372256
2023-10-26,0.0024884994234156688,4.966826740526731e-05,0.016496078185212926
2023-10-27,0.0023106658477334285,2.5952388985395203e-05,0.013684398542658904
2023-10-30,0.0022026286653923366,1.585934467862593e-06,0.011274032581970905
2023-10-31,0.0023392708472271817,6.708790269982501e-07,0.009631129650881198
2023-11-01,0.002676118656047999,4.680969791781564e-07,0.00881902942581192
2023-11-02,0.003318547155737761,2.937142170167384e-05,0.00862041019490134
2023-11-03,0.004088334997825904,0.00019492106580698554,0.00926589264447486
2023-11-06,0.00485660472611571,0.0006146593363202113,0.01083334691392257
2023-11-07,0.005770394764311515,0.001233255133469835,0.013271444889912387
2023-11-08,0.006411733532334596,0.0018616259599527618,0.016562463742852196
2023-11-09,0.006378983886052403,0.0020681397790085487,0.02008116094141521
2023-11-10,0.005791054603347501,0.0018092133278028166,0.022875290571662932
2023-11-13,0.004694991731893028,0.0012008414836583992,0.02415795604872817
2023-11-14,0.00306937094950821,0.00046348509318194786,0.02399521451970643
2023-11-15,0.0015360303209914772,6.75625277497538e-05,0.023024427287567928
2023-11-16,0.00033248702433019695,9.057939435441753e-05,0.0216168524753364
2023-11-17,2.091628091971387e-05,0.0007971693577621952,0.019611053340212292
2023-11-20,0.0008608613699774281,0.0021939590548730736,0.017567795411070675
2023-11-21,0.00228091292111543,0.003695757967223101,0.016037797906732543
2023-11-22,0.003706587395953642,0.004935539498251096,0.014923503862912968
2023-11-23,0.004800007069085566,0.005621101410478002,0.01459764106899053
2023-11-24,0.0051214856797511255,0.005999041182808806,0.014834030756036398
2023-11-27,0.004577959041742297,0.006040602377405557,0.015143016280562804
2023-11-28,0.0035087387765970757,0.005813391008955171,0.01566617684640126
2023-11-29,0.002177090659287173,0.005368765802492015,0.016256852904034336
2023-11-30,0.000996824400312346,0.0050320581045188995,0.016861879959891746
2023-12-01,0.00026992103300360615,0.005386528290469261,0.01725455165209744
2023-12-04,1.9878329209355172e-06,0.006442118466578162,0.017449861391976018
2023-12-05,0.00019993049956879005,0.007667521325845583,0.018071628029180387
2023-12-06,0.0007877955007342674,0.00894763475808924,0.0189809916796978
2023-12-07,0.0017901800289609193,0.010060454904079807,0.02083066724035809
2023-12-08,0.003096888504226958,0.010551217571946658,0.023397207937200903
2023-12-11,0.004606207880179403,0.009436119569286028,0.026198721281597948
2023-12-12,0.00590052540610797,0.00756108508532094,0.028160797761550893
2023-12-13,0.00677969735398487,0.00544324975515309,0.029003984009771888
2023-12-14,0.007369015390501943,0.00387129748911208,0.029075030754524778
2023-12-15,0.007929624171166383,0.003004274916565519,0.02867700846344945
2023-12-18,0.008222865119115519,0.002605255961412256,0.028190501546648594
2023-12-19,0.008308870669752055,0.002506760453207302,0.028260380894876702
2023-12-20,0.008278196502578106,0.0023750383293206223,0.028505666675265884
2023-12-21,0.008251288737508577,0.0020984516123179198,0.029157651662603756
2023-12-22,0.008059173844387812,0.0015885694631303515,0.02947107995932352
2023-12-25,0.007895000324432244,0.0011385767584228823,0.02957866043742763
2023-12-26,0.007720076389744035,0.0007973862068098025,0.029135757128233686
2023-12-27,0.007615007430099241,0.0006150887593259213,0.02832769205271435
2023-12-28,0.007570824300783596,0.000588692579767347,0.026857535160719537
2023-12-29,0.007700426040136321,0.0006989520362464807,0.024998577831593982
2024-01-01,0.008156258173086406,0.0009626909394464533,0.022760324897103557
2024-01-02,0.008923198832642365,0.001351271821587563,0.02103476545860794
2024-01-03,0.010024092873226476,0.0017210343746320023,0.019948934172820842
2024-01-04,0.011663356130797053,0.0019513224229816828,0.019667180908611193
2024-01-05,0.013691386903170844,0.0018323901713469537,0.019809176154893082
2024-01-08,0.015413868871946401,0.0013428647826253526,0.01968767432906382
2024-01-09,0.016866975695216446,0.0006251527368916765,0.019631225951236675
2024-01-10,0.017611892180434796,0.00011901255408730549,0.019708614145761305
2024-01-11,0.017944658123425716,3.699846617455371e-05,0.01959700719902724
2024-01-12,0.017695750921716713,0.0005310996018587089,0.019727279129885922
2024-01-15,0.017136552843169617,0.0012448187730800253,0.021275774884857435
2024-01-16,0.016624646707116497,0.0015894727663280372,0.02223998990465459
2024-01-17,0.01610532186191649,0.0014715527764320724,0.0229754318339368
2024-01-18,0.01578248764190726,0.0009598100814313115,0.022294283488589528
2024-01-19,0.01537041312536891,0.0004466149934918562,0.021792790306335297
2024-01-22,0.014459500130291292,7.553143173089083e-05,0.02146879828313164
2024-01-23,0.013022646374592828,2.125138739683674e-05,0.021248804856145997
2024-01-24,0.011689013003307491,0.0002745263221768379,0.02079683831246859
2024-01-25,0.010347353808000226,0.0006850042808668189,0.020187455757473938
2024-01-26,0.00865413996677733,0.0012004814798945995,0.019707321504127906
2024-01-29,0.0071522498036431514,0.0017142604596396271,0.018961384635978185
2024-01-30,0.005990758581440381,0.0020131032634300716,0.018140696826652536
2024-01-31,0.005223092271858687,0.002184986710049741,0.017429799204328966
2024-02-01,0.00459529841409434,0.0021043955914529233,0.016484205642114613
2024-02-02,0.004040278285509125,0.0017966014252008833,0.015404667501674463
2024-02-05,0.003422520878356261,0.0014579250207347183,0.014137788703443399
2024-02-06,0.002863371578749052,0.0011445738350224222,0.01292617223747361
2024-02-07,0.0022655093723136233,0.0009079161828544624,0.011374449441343915
2024-02-08,0.001773598270698784,0.0007606731758724727,0.009728420145406091
2024-02-09,0.0014867966379829012,0.000654736924533772,0.008115562717606162
2024-02-12,0.0013943223968528873,0.0005838055711917534,0.006962021190056289
2024-02-13,0.001447062915613806,0.0005266727038828467,0.0061775034710478405
2024-02-14,0.0014763903243690812,0.0004408709273200362,0.005391228510593593
2024-02-15,0.0016922893728877897,0.00033794837640488407,0.004670964703021641
2024-02-16,0.00234638871701931,0.00023992734883138134,0.0038153652504132607
2024-02-19,0.0036334742707467838,0.00015120748737729173,0.0032622721799882015
2024-02-20,0.005791943712793235,9.113101255275868e-05,0.0028961687083091103
2024-02-21,0.008043557848900429,5.885137528383044e-05,0.00266451479960661
2024-02-22,0.010355673450961667,3.938283560178668e-05,0.002302374227656445
2024-02-23,0.011611933745767966,2.8024136958793022e-05,0.0018387221866030812
2024-02-26,0.011753128151635428,1.8751900329738724e-05,0.0014107956282269907
2024-02-27,0.011293406686618601,3.938586815244172e-06,0.0010271742259019279
2024-02-28,0.010735091780667783,1.0564530406043104e-06,0.0007493929726530846
2024-02-29,0.010164996999969311,1.0905851968390223e-05,0.0005630252614891029
2024-03-01,0.009769144281356557,3.191119114831498e-05,0.0004251476023687806
2024-03-04,0.00941679205281254,5.7270435049994184e-05,0.0002881128772111996
2024-03-05,0.009196140862036462,6.55495564670927e-05,0.00020976993455512627
2024-03-06,0.008974574141429659,5.096052391406758e-05,0.00018553968391743503
2024-03-07,0.008540983371593258,5.131963959481567e-05,0.00014823790072115983
2024-03-08,0.007966749514212945,7.956968659095232e-05,0.00011288526691466405
2024-03-11,0.007161237700674672,0.0001410452177335042,0.00010740325919167404
2024-03-12,0.00665139687156957,0.00020291860468746314,0.0001741294441569563
2024-03-13,0.0059024617741633145,0.00032900574271810257,0.00030538650160194525
2024-03-14,0.0051313211781511825,0.0005866292064548029,0.0006401383183395337
2024-03-15,0.004471914194642546,0.0010603350984595972,0.0013412378215891252
2024-03-18,0.003911390375615831,0.001867924965898382,0.0026314860264968765
2024-03-19,0.003330406238000072,0.00295790356602621,0.004650738661041931
2024-03-20,0.002723880080550467,0.004080029776460714,0.00744484467613149
2024-03-21,0.0021742221902889547,0.005180498258166688,0.010934205182614232
2024-03-22,0.0017985684735900564,0.006071270103844673,0.014926973165059199
2024-03-25,0.001590282045372593,0.006489041469269208,0.01847158718472286
2024-03-26,0.001550857519956761,0.006763977193868009,0.020727505337270857
2024-03-27,0.0018185235712716574,0.007049650713328082,0.021340139105907485
2024-03-28,0.0025029419374599238,0.007551529573065929,0.020078713793645786
2024-03-29,0.003764244270842765,0.008420771984814168,0.017374123044128997
2024-04-01,0.005562588972915061,0.009488309533158934,0.014126281764183957
2024-04-02,0.0077641523820857206,0.0107842182020913,0.010886487113260679
2024-04-03,0.009634337888757671,0.01185092331979376,0.007827672752335202
2024-04-04,0.011494148196483978,0.013230369622947435,0.005410815059256002
2024-04-05,0.013209564580197397,0.01480934330456285,0.00369447444300508
2024-04-08,0.014297255210720228,0.016535714456654693,0.002726734911232098
2024-04-09,0.01452291634721159,0.017903323342922328,0.0024491288490892105
2024-04-10,0.013921330122495523,0.018839639425700883,0.0028738306122051416
2024-04-11,0.01297743018766917,0.019033340730412518,0.0038454263480390827
2024-04-12,0.012183846042833402,0.019278386294125704,0.0050363905240811135
2024-04-15,0.011580362121372145,0.019372860806067926,0.0056862296789377265
2024-04-16,0.011176364949338824,0.018823683576418837,0.005521296623220762
2024-04-17,0.010888791208282345,0.01745569448914952,0.004559540970051845
2024-04-18,0.01071841326655043,0.015926298769175617,0.0032848362916014784
2024-04-19,0.01102783299604837,0.014121205345495547,0.0019372529075483147
2024-04-22,0.01177525891159581,0.011546537682090574,0.000642521420127995
2024-04-23,0.01250105276038238,0.00830245438838284,1.664612178364777e-05
2024-04-24,0.01363847059537715,0.005164332902922286,0.00038934619707342577
2024-04-25,0.014605653862540202,0.002538987322444175,0.001878160418686492
2024-04-26,0.01592667106300838,0.0008646838173560489,0.004017581070081655
2024-04-29,0.016550661170065317,9.03381900401179e-05,0.0065049887029979825
2024-04-30,0.016324120154701083,6.8688048426635e-05,0.00928452793643686
2024-05-01,0.015866565946303535,0.00057166254022889,0.011650549847302405
2024-05-02,0.015154390198847234,0.0013413275899969435,0.013558117842451756
2024-05-03,0.014020459735013868,0.0018624623178371547,0.014946268848541555
2024-05-06,0.013004518328887604,0.0019799634701785918,0.016036981091405167
2024-05-07,0.01202596908102671,0.0017440032677198403,0.016793507352408032
2024-05-08,0.011336497248900845,0.0015084729305617772,0.01732209665434059
2024-05-09,0.010866434130635372,0.0014195189179517786,0.017735583957462886
2024-05-10,0.01066158332086209,0.0015383029210410681,0.018087056618890207
2024-05-13,0.010641105880729307,0.0017007867238485463,0.018372082218813035
2024-05-14,0.010728489322314294,0.001808580901423551,0.01860076255818699
2024-05-15,0.010831204997184485,0.0017308972598841788,0.018822642629310216
2024-05-16,0.010807654672275402,0.001410700865858483,0.018443864821227063
2024-05-17,0.010456523300826248,0.0009443424783288634,0.017664758450654405
2024-05-20,0.009573859364031101,0.0004637045564159781,0.016166886879058096
2024-05-21,0.008485543255175143,0.00012738710602366865,0.014630943376671146
2024-05-22,0.007372965111458463,3.82765152018294e-06,0.013119822529472192
2024-05-23,0.006288471566253229,2.5987207251665367e-05,0.011691154825197114
2024-05-24,0.00593091049876926,9.026628109654045e-05,0.010678051335941685
2024-05-27,0.006389969024898745,0.00011804433160422789,0.009862447753445691
2024-05-28,0.0072993914241187285,5.783364622979903e-05,0.009261984164298243
2024-05-29,0.0085939071750043,5.934006938046466e-07,0.008961029652194474
2024-05-30,0.010224629261692542,0.00018208572220879127,0.008682010569415977
2024-05-31,0.011533227752381858,0.0008846034120423285,0.00833467368459162
2024-06-03,0.012139894540191931,0.0019341114982844854,0.008097701464714224
2024-06-04,0.012323252809795626,0.0031932629210162933,0.007706595158518903
2024-06-05,0.012027857996477431,0.004462501150461318,0.007327190825286656
2024-06-06,0.01161530207538597,0.005317055164649309,0.006663434525216005
2024-06-07,0.010847669666617321,0.0057656281507240115,0.006172984888495603
2024-06-10,0.010128555147056795,0.0059456455407266295,0.0059111619539164995
2024-06-11,0.010059636758028234,0.005773925650428557,0.005956046897248268
2024-06-12,0.010289990725560805,0.005312510189282582,0.0060526958850741774
2024-06-13,0.010908421449309258,0.004710168003830173,0.006316470589936007
2024-06-14,0.012088148064908988,0.004020642660278129,0.006767171213714618
2024-06-17,0.013303449737984363,0.003267111679454704,0.0072915329500273796
2024-06-18,0.014083945121784125,0.002715361493111801,0.007683367332947166
2024-06-19,0.014039764324714432,0.0023997443421444054,0.007781805409225795
2024-06-20,0.013925290695512293,0.002364409343449614,0.007660864820892455
2024-06-21,0.013847914224145441,0.0026868177002455917,0.0071723661200923106
2024-06-24,0.014127260397287289,0.0032198126219840084,0.006339550556437423
2024-06-25,0.014884994177230215,0.0034974154433272675,0.005306066903856266
2024-06-26,0.016169476764317237,0.0033209413166973567,0.003939812412446342
2024-06-27,0.017618360227649066,0.0026831810920753263,0.0027252143178975174
2024-06-28,0.019462563886830764,0.002046630506120639,0.0016595031608616084
2024-07-01,0.021472135646212087,0.001355216405523052,0.0008595882679023337
2024-07-02,0.02392860367048033,0.0009375715936035256,0.00045864899194192343
2024-07-03,0.026707035351392405,0.000790920034959619,0.0002721707227762993
2024-07-04,0.030324336096379745,0.00081688566128435,0.00021743473526825152
2024-07-05,0.03384519401784203,0.0009135972785244695,0.0001896166713825087
2024-07-08,0.03730984230483314,0.001290182470512602,0.0003433271066084487
2024-07-09,0.041910805806782414,0.001865501644047196,0.0007263086058251211
2024-07-10,0.04628200987285924,0.002591964305354466,0.0013633580949568014
2024-07-11,0.04977224830558169,0.003217098623332859,0.0022102576564644316
2024-07-12,0.05166194144147063,0.003659872259072161,0.0032818907197169622
2024-07-15,0.05197655360058706,0.0038928595815337363,0.004635215418490546
2024-07-16,0.05208803343517032,0.004144218125896937,0.005743734564680469
2024-07-17,0.05055211023220896,0.004223276135401521,0.006826248872026874
2024-07-18,0.04751183327305486,0.004073497330504772,0.007826904316213357
2024-07-19,0.04433694584837844,0.003920545125869035,0.008836900126794611
2024-07-22,0.04172886989838931,0.0039151850052208115,0.009328431632144696
2024-07-23,0.04044196392678223,0.0040613503288478014,0.009453104543893698
2024-07-24,0.040924650032476584,0.004438836004515112,0.009173912162973474
2024-07-25,0.042374319146313844,0.004948433479159409,0.008546742825944698
2024-07-26,0.04481438124118131,0.005837141668001422,0.007782684485913349
2024-07-29,0.047946677138439475,0.007026436428770544,0.006926862257684019
2024-07-30,0.05017326230765895,0.008078982540010937,0.0061341012713600485
2024-07-31,0.05290451179495448,0.009337192885662371,0.005264193239888915
2024-08-01,0.05513184608065602,0.010455752119885031,0.004447191482469193
2024-08-02,0.056227444157247786,0.01114900751473713,0.003960214383972871
2024-08-05,0.05649846668424163,0.011588903601748912,0.0038682501297031546
2024-08-06,0.05643999116001608,0.011578263981708248,0.00426979707389219
2024-08-07,0.0565501368503849,0.011322496376095836,0.005223999326575246
2024-08-08,0.056711033326226845,0.01107450352234951,0.006984475646358401
2024-08-09,0.05640574366173068,0.011065872864676751,0.01017655572012921
2024-08-12,0.05629192960203455,0.011178919518230468,0.015365792507335274
2024-08-13,0.0551357140237585,0.01166947657478934,0.022529323859731942
2024-08-14,0.05305474500698637,0.012478222505123981,0.032822565777558266
2024-08-15,0.05018829764636623,0.013828326418774295,0.04569399908724647
2024-08-16,0.04661075926189662,0.015851568268636207,0.060444613152709104
2024-08-19,0.04272979310307823,0.018164629894408257,0.07611755402061293
2024-08-20,0.03915126878948327,0.020548675236967018,0.0909716970729203
2024-08-21,0.03656647337268537,0.02211200220332743,0.10192416383410241
2024-08-22,0.03479214607721348,0.022972993961914545,0.10863227467376424
2024-08-23,0.03314225573433616,0.023164453272218166,0.11253003521408089
2024-08-26,0.03211469879420137,0.022815755861977483,0.11398994432433152
2024-08-27,0.03174048514263994,0.021982420880301556,0.11607148329318229
2024-08-28,0.032328514912232986,0.02122446486256324,0.12014789239069046
2024-08-29,0.03365057651996395,0.02049389106269106,0.12708441796454306
2024-08-30,0.0349756592231929,0.020149970847202603,0.1351893016161978
2024-09-02,0.03546079082982223,0.020014455209947934,0.13876735497223902
2024-09-03,0.03495222883027749,0.019589311197497183,0.13861824420620694
2024-09-04,0.033094790525530215,0.018426843978622265,0.13511699321487114
2024-09-05,0.030094081818243246,0.016833466478011094,0.1300563957671368
2024-09-06,0.02595823740634229,0.014168439883169626,0.12464533598584593
2024-09-09,0.020749390423316694,0.010256494754007472,0.1176611374689629
2024-09-10,0.015455566415262578,0.00592519842686734,0.10996257473040871
2024-09-11,0.010005067813017243,0.0022028779161943346,0.1005189967316591
2024-09-12,0.00522625187971304,0.00018662005832070783,0.09119936213049062
2024-09-13,0.0018651970786560668,0.00025974234775172356,0.08261108822976548
2024-09-16,0.0004617162026873123,0.0013087654361394474,0.07498432936876198
2024-09-17,7.587266969599771e-05,0.002231321394571939,0.06550155753223263
2024-09-18,3.862868359627569e-06,0.002660602972421877,0.056118194097244056
2024-09-19,5.2457448885823155e-06,0.002648600110367938,0.04824087520622167
2024-09-20,2.9883530201391117e-05,0.002331421462003158,0.04206669959808196
2024-09-23,9.025558930753075e-05,0.001953472376013954,0.035638160867163204
2024-09-24,0.0001551945582987102,0.001579002824359188,0.03064935485532616
2024-09-25,0.00028080682110109834,0.0013101793248074811,0.026529082492218414
2024-09-26,0.00040897977212539516,0.001090734957585049,0.023664370928645484
2024-09-27,0.0004769636734744953,0.0009682411857856454,0.02209422584046261
2024-09-30,0.0004938285080998694,0.0009440162068956592,0.021319205340542435
2024-10-01,0.0005145680430447275,0.0009849541908493187,0.020788409937954944
2024-10-02,0.0005796989117746731,0.001059337240124858,0.020171791471230938
2024-10-03,0.0008143536960838471,0.0011507305971103499,0.018445801642723247
2024-10-04,0.001257712174699277,0.0013311691970392392,0.016259738580173044
2024-10-07,0.001840947642224644,0.0017884715999662015,0.01368107362047244
2024-10-08,0.002558710925579799,0.002462378582828828,0.010505199389079456
2024-10-09,0.003460430737545206,0.003217022548382076,0.0072210488575092935
2024-10-10,0.0047495345114615395,0.0034798499787566106,0.004429872313921668
2024-10-11,0.006040880706314367,0.003103851777946476,0.0025322755243055717
2024-10-14,0.0080774724507362,0.0022298806953915395,0.001271979536767498
2024-10-15,0.0098485291899294,0.0014104409964772469,0.0006742532557524328
2024-10-16,0.011253987535500665,0.0007939138055501616,0.00029427125464243087
2024-10-17,0.012355775778181699,0.0004140215840046091,0.00012030315052757867
2024-10-18,0.01227536020793174,0.0002565293635595767,5.027987788341903e-05
2024-10-21,0.011276221371874895,0.00019297057855383049,4.116575518342547e-05
2024-10-22,0.00981787171962667,0.00015410329182052873,5.832419803142308e-05
2024-10-23,0.008375189366383817,0.0001442379343217226,9.610861072539834e-05
2024-10-24,0.00721629990056849,0.00012210208337926076,0.00014086095515797314
2024-10-25,0.006386799141337995,0.00015372988392303721,0.00021386584852367552
2024-10-28,0.005669846196147743,0.00026089766537418235,0.00034766620198756204
2024-10-29,0.005463233932509359,0.0004838494968257834,0.0005555409144285539
2024-10-30,0.0053326273952667425,0.0007187663160392876,0.0008060864130365886
2024-10-31,0.005236113893558936,0.0008604899756159412,0.001060142816542875
2024-11-01,0.0052333630482750415,0.0008654096158243751,0.001212254417294889
2024-11-04,0.0052741931326723,0.000763944643980663,0.0012147396625139528
2024-11-05,0.005216883626443236,0.0006801122254416203,0.0010867775133132085
2024-11-06,0.0048387725080867305,0.0008021341520104697,0.0008817993140217695
2024-11-07,0.004218656211604888,0.0011440549518703103,0.0007603111760166037
2024-11-08,0.003282639532659948,0.002010848201893789,0.0006541332735703342
2024-11-11,0.0022489741214589687,0.003358434274856048,0.0005407347354875469
2024-11-12,0.0013493818907892585,0.0040245827347256125,0.0006110393710777595
2024-11-13,0.0006672644977313569,0.003294819816218153,0.0009715160403602763
2024-11-14,0.0002632888822562407,0.0014921980727159445,0.0015369658312233136
2024-11-15,0.00013531352246842765,0.0001737182715406682,0.0026169262282712547
2024-11-18,0.00011829916357153358,0.0003103572845688518,0.004312454050413916
2024-11-19,0.0003281243027745129,0.001881467798697467,0.0057174873531460335
2024-11-20,0.0008112843573846451,0.0034616778715254037,0.006415489450009471
2024-11-21,0.0019399185523465423,0.004255352403482182,0.006780423685300074
2024-11-22,0.003918055662949227,0.004269304337457536,0.006881966849260457
2024-11-25,0.00687480768309956,0.0035861376096164577,0.006211361762899492
2024-11-26,0.012745315335359386,0.00288661454235839,0.005043801969863759
2024-11-27,0.021046935014976342,0.002349654094802367,0.003414062661379891
2024-11-28,0.03147921948540833,0.0020807629575305686,0.0015888833262622803
2024-11-29,0.04218139697991041,0.0023213317086343555,0.00013567233742339813
2024-12-02,0.05250101500751747,0.0030387727122832553,0.0006514148648599782
2024-12-03,0.06257540346979495,0.004562017427462761,0.0035693747619784943
2024-12-04,0.06878189862889317,0.006868910121100691,0.008702421090618806
2024-12-05,0.06987284438574792,0.009294935302938345,0.015066877148107505
2024-12-06,0.06800823739354911,0.011353666572075483,0.02213115367377838
2024-12-09,0.06504439502678427,0.012288920424749938,0.028354096923822958
2024-12-10,0.0622452293620388,0.012445028164071448,0.0327834440537621
2024-12-11,0.06100565622166498,0.01210984413283045,0.03439454239710593
2024-12-12,0.06008506842158412,0.010454718810586572,0.033567394195217815
2024-12-13,0.06129076320649951,0.008961921170662634,0.03117831995629794
2024-12-16,0.06278372624251416,0.008271322958231853,0.02848033507774994
2024-12-17,0.0610956829910293,0.008135622944171583,0.026568953031677278
2024-12-18,0.05641405698096702,0.007923643346465226,0.026098330630190847
2024-12-19,0.053734031709107954,0.0076670462214414314,0.02729626679331909
2024-12-20,0.05275849118619913,0.007682856213397593,0.029346230631393633
2024-12-23,0.053475818194749114,0.008411761875530166,0.03203731320637493
2024-12-24,0.055535350570477426,0.009790331180073109,0.035106901015203085
2024-12-25,0.05817986201862235,0.011408931628205554,0.03851369175919617
2024-12-26,0.06076651132351785,0.013054389467016536,0.04255536269701421
2024-12-27,0.06422744471681097,0.015468176475018414,0.047072719081410086
2024-12-30,0.06822898111237363,0.018419380043410594,0.051227454150882146
2024-12-31,0.07164630068653455,0.021706788514191833,0.054606545176486776
2025-01-01,0.07334564764572649,0.02503666246889369,0.05751740386370918
